Lat,Long,Title,L,R,C,O,A,M,S
29.534324586000025,34.93856165700004,None,0,0,0,0,0,0,0
29.54673822700005,34.91706060100006,None,0,0,0,0,0,0,0
29.55915186800007,34.93856165700004,None,5766,5653,0,26,372,0,225
29.57156550800005,34.96006271400006,None,878,1250,0,3,104,0,32
29.708115556000052,34.98156377000004,None,0,0,0,0,0,0,0
29.795011041000066,35.00306482700006,None,0,0,0,0,0,0,0
29.83225196400008,35.02456588300004,None,0,0,0,0,0,0,0
29.894320167000046,35.00306482700006,None,0,0,0,0,0,0,0
29.894320167000046,35.04606694000006,None,372,19,0,0,1,0,1
29.93156108900007,35.06756799600004,None,160,23,0,0,0,0,7
29.943974730000036,34.96006271400006,None,0,0,0,0,0,0,0
29.98121565200006,35.06756799600004,None,116,13,0,0,2,0,4
29.993629293000026,35.08906905300006,None,0,0,0,0,0,0,0
30.05569749700004,35.02456588300004,None,0,0,0,0,0,0,0
30.092938419000063,35.13207116500007,None,0,0,0,0,0,0,0
30.353624874000047,35.15357222200004,None,98,20,0,0,0,0,1
30.49017492200005,35.17507327800007,None,0,0,0,0,0,0,0
30.56465676700003,35.17507327800007,None,67,16,0,0,0,0,0
30.601897689000054,34.809555319000026,None,1002,1128,0,2,141,0,53
30.651552252000045,35.23957644800004,None,249,26,0,2,2,0,1
30.775688659000025,35.28257856100004,None,178,56,0,0,0,0,1
30.788102300000048,34.65904792400005,None,0,0,0,0,0,0,0
30.800515940000025,35.23957644800004,None,0,0,0,0,0,0,0
30.81292958100005,35.30407961700007,None,0,0,0,0,0,0,0
30.850170503000072,34.766553206000026,None,0,0,0,0,0,0,0
30.874997785000062,34.422536302000026,None,0,0,0,0,0,0,0
30.86258414400004,34.78805426200006,None,353,44,0,0,4,0,5
30.899825066000062,34.422536302000026,None,0,0,0,0,0,0,0
30.88741142500004,34.83105637500006,None,0,0,0,0,0,0,0
30.91223870700003,34.40103524600005,None,0,0,0,0,0,0,0
30.949479629000052,35.36858278600005,None,0,0,0,0,0,0,0
30.93706598800003,35.39008384300007,None,109,49,0,0,0,0,0
30.961893270000076,34.70205003600006,None,0,0,0,0,0,0,0
30.974306911000042,34.93856165700004,None,253,373,0,0,138,0,19
30.999134192000042,34.766553206000026,None,0,0,0,0,0,0,0
30.986720551000076,34.91706060100006,None,210,301,0,0,203,0,11
30.999134192000042,34.93856165700004,None,459,827,0,4,671,0,27
31.011547833000066,34.70205003600006,None,0,0,0,0,0,0,0
31.011547833000066,34.78805426200006,None,298,17,0,0,3,0,0
31.048788755000032,34.680548980000026,None,0,0,0,0,0,0,0
31.048788755000032,34.723551093000026,None,405,22,0,0,1,0,6
31.073616036000033,34.98156377000004,None,0,0,0,0,0,0,0
31.073616036000033,35.02456588300004,None,3451,5622,0,8,1762,0,176
31.061202396000056,35.04606694000006,None,1219,1725,0,4,536,0,55
31.09844331800008,34.98156377000004,None,202,13,0,97,40,0,10
31.086029677000056,35.04606694000006,None,0,0,0,0,0,0,0
31.110856959000046,34.96006271400006,None,112,62,0,183,23,0,7
31.135684240000046,34.31503102000005,None,0,0,0,0,0,0,0
31.135684240000046,34.91706060100006,None,0,0,0,0,0,0,0
31.14809788100007,35.36858278600005,None,0,0,0,0,0,0,0
31.17292516200007,34.336532076000026,None,0,0,0,0,0,0,0
31.17292516200007,35.02456588300004,None,306,38,0,555,49,0,23
31.160511521000046,35.04606694000006,None,0,0,0,0,0,0,0
31.185338803000036,34.31503102000005,None,0,0,0,0,0,0,0
31.19775244400006,34.336532076000026,None,0,0,0,0,0,0,0
31.19775244400006,34.809555319000026,None,363,167,0,485,28,0,41
31.19775244400006,34.852557432000026,None,108,8,0,63,2,0,8
31.19775244400006,34.93856165700004,None,67,63,0,528,57,0,42
31.210166084000036,34.27202890800004,None,0,0,0,0,0,0,0
31.22257972500006,34.29352996400007,None,58,15,0,0,0,0,3
31.210166084000036,34.31503102000005,None,0,0,0,0,0,0,0
31.22257972500006,34.336532076000026,None,0,0,0,0,0,0,0
31.210166084000036,34.35803313300005,None,0,0,0,0,0,0,0
31.22257972500006,34.422536302000026,None,122,81,0,0,24,0,4
31.22257972500006,34.46553841600007,None,137,3,0,1,0,0,3
31.210166084000036,34.53004158500005,None,195,8,0,0,0,0,4
31.22257972500006,34.766553206000026,None,396,553,0,0,19,0,78
31.210166084000036,34.87405848800006,None,222,65,0,0,24,0,9
31.210166084000036,35.21807539100007,None,26,8,0,55,7,0,5
31.24740700700005,34.336532076000026,None,0,0,0,0,0,0,0
31.234993366000026,34.35803313300005,None,327,3,0,1,2,0,2
31.234993366000026,34.40103524600005,None,109,70,0,0,16,0,5
31.24740700700005,34.422536302000026,None,109,295,0,0,33,0,14
31.234993366000026,34.44403735900005,None,58,50,0,0,4,0,0
31.234993366000026,34.65904792400005,None,0,0,0,0,0,0,0
31.24740700700005,34.723551093000026,None,434,26,0,0,1,0,3
31.24740700700005,34.766553206000026,None,6967,5375,0,20,1155,0,443
31.234993366000026,34.78805426200006,None,2838,2850,0,23,720,0,187
31.24740700700005,34.809555319000026,None,2884,4009,0,20,1119,0,196
31.24740700700005,34.852557432000026,None,117,43,0,881,60,0,92
31.234993366000026,34.87405848800006,None,0,0,0,0,0,0,0
31.24740700700005,35.02456588300004,None,68,43,0,7,38,0,21
31.234993366000026,35.04606694000006,None,0,0,0,0,0,0,0
31.234993366000026,35.08906905300006,None,472,236,0,176,76,0,70
31.24740700700005,35.19657433500004,None,0,0,0,0,0,0,0
31.259820647000026,34.40103524600005,None,101,24,0,0,1,0,0
31.27223428800005,34.766553206000026,None,521,617,0,2,118,0,32
31.259820647000026,34.78805426200006,None,12506,15226,0,70,4342,0,995
31.27223428800005,34.809555319000026,None,899,1265,0,9,365,0,107
31.259820647000026,34.83105637500006,None,0,0,0,0,0,0,0
31.27223428800005,34.852557432000026,None,2733,873,0,5,65,0,48
31.259820647000026,34.87405848800006,None,488,283,0,536,90,0,102
31.27223428800005,34.93856165700004,None,76,46,0,33,34,0,1
31.259820647000026,34.96006271400006,None,75,77,0,90,12,0,4
31.259820647000026,35.04606694000006,None,0,0,0,0,0,0,0
31.259820647000026,35.08906905300006,None,262,125,0,66,54,0,8
31.27223428800005,35.19657433500004,None,364,307,0,1,167,0,31
31.259820647000026,35.21807539100007,None,4873,2930,0,19,699,0,241
31.29706156900005,34.422536302000026,None,237,3,0,0,0,0,1
31.284647929000073,34.44403735900005,None,163,90,0,0,3,0,2
31.29706156900005,34.637546867000026,None,0,0,0,0,0,0,0
31.284647929000073,34.78805426200006,None,0,0,0,0,0,0,0
31.29706156900005,34.809555319000026,None,0,0,0,0,0,0,0
31.284647929000073,34.87405848800006,None,0,0,0,0,0,0,0
31.284647929000073,34.91706060100006,None,112,203,0,36,61,0,21
31.29706156900005,34.93856165700004,None,209,28,0,42,77,0,4
31.284647929000073,35.04606694000006,None,0,0,0,0,0,0,0
31.29706156900005,35.06756799600004,None,0,0,0,0,0,0,0
31.29706156900005,35.11057010900004,None,164,64,0,577,139,0,61
31.309475210000073,34.40103524600005,None,229,3,0,0,0,0,3
31.309475210000073,34.53004158500005,None,325,17,0,0,2,0,1
31.32188885100004,34.551542641000026,None,103,114,0,0,139,0,1
31.32188885100004,34.594544754000026,None,90,30,0,0,19,0,0
31.309475210000073,34.61604581100005,None,1947,2717,0,4,2382,0,82
31.32188885100004,34.637546867000026,None,353,353,0,1,168,0,24
31.32188885100004,34.680548980000026,None,1,58,0,0,275,0,0
31.32188885100004,34.852557432000026,None,115,73,0,50,2,0,11
31.32188885100004,34.89555954400004,None,0,0,0,0,0,0,0
31.32188885100004,34.93856165700004,None,1031,698,0,0,188,0,29
31.32188885100004,35.02456588300004,None,52,79,0,71,44,0,10
31.334302492000063,34.40103524600005,None,271,3,0,2,0,0,0
31.34671613200004,34.594544754000026,None,157,32,0,0,1,0,1
31.334302492000063,34.61604581100005,None,56,64,0,0,46,0,0
31.334302492000063,34.70205003600006,None,57,24,0,0,3,0,2
31.334302492000063,34.74505214900006,None,13,6,0,25,0,0,3
31.334302492000063,34.87405848800006,None,4,86,0,19,0,0,1
31.334302492000063,35.08906905300006,None,0,0,0,0,0,0,0
31.34671613200004,35.11057010900004,None,0,0,0,0,0,0,0
31.359129773000063,34.40103524600005,None,188,8,0,0,0,0,3
31.37154341400003,34.637546867000026,None,213,121,0,0,38,0,3
31.37154341400003,34.723551093000026,None,367,20,0,2,1,0,2
31.359129773000063,34.74505214900006,None,0,0,0,0,0,0,0
31.37154341400003,34.809555319000026,None,887,326,0,0,20,0,14
31.37154341400003,34.89555954400004,None,0,0,0,0,0,0,0
31.37154341400003,35.06756799600004,None,0,0,0,0,0,0,0
31.37154341400003,35.11057010900004,None,0,0,0,0,0,0,0
31.383957055000053,34.40103524600005,None,186,7,0,0,0,0,1
31.39637069500003,34.46553841600007,None,219,9,0,0,0,0,4
31.39637069500003,34.594544754000026,None,52,611,0,0,376,0,27
31.383957055000053,34.74505214900006,None,1031,222,0,513,362,0,80
31.39637069500003,34.766553206000026,None,1128,270,0,1000,353,0,327
31.383957055000053,34.87405848800006,None,289,18,0,0,0,0,0
31.39637069500003,34.89555954400004,None,0,0,0,0,0,0,0
31.383957055000053,34.96006271400006,None,29,76,0,0,2,0,2
31.383957055000053,35.00306482700006,None,0,0,0,0,0,0,0
31.39637069500003,35.11057010900004,None,0,71,0,0,107,0,6
31.408784336000053,34.57304369800005,None,0,0,0,0,0,0,0
31.421197977000077,34.594544754000026,None,813,2511,0,1,2776,0,108
31.408784336000053,34.74505214900006,None,360,11,0,0,1,0,1
31.421197977000077,34.766553206000026,None,65,15,0,18,1,0,3
31.408784336000053,34.83105637500006,None,220,2,0,1,0,0,1
31.421197977000077,35.15357222200004,None,0,0,0,0,0,0,0
31.433611617000054,34.48703947200005,None,503,15,0,0,0,0,0
31.446025258000077,34.508540528000026,None,13,39,0,0,130,0,1
31.433611617000054,34.53004158500005,None,13,118,0,2,330,0,6
31.446025258000077,34.551542641000026,None,44,137,0,0,205,0,7
31.433611617000054,34.57304369800005,None,0,0,0,0,0,0,0
31.433611617000054,34.61604581100005,None,2,39,0,0,81,0,4
31.446025258000077,34.637546867000026,None,57,62,0,0,19,0,2
31.446025258000077,34.680548980000026,None,249,48,0,0,37,0,4
31.433611617000054,34.70205003600006,None,86,45,0,0,36,0,0
31.446025258000077,34.723551093000026,None,54,59,0,0,35,0,1
31.446025258000077,34.766553206000026,None,186,7,0,0,0,0,0
31.433611617000054,34.87405848800006,None,0,0,0,0,0,0,0
31.446025258000077,35.02456588300004,None,0,0,0,0,0,0,0
31.470852540000067,34.508540528000026,None,267,19,0,0,20,0,0
31.458438899000043,34.53004158500005,None,95,87,0,0,212,0,13
31.458438899000043,34.57304369800005,None,37,39,0,0,119,0,4
31.470852540000067,34.594544754000026,None,117,109,0,0,63,0,1
31.458438899000043,34.61604581100005,None,9,52,0,0,63,0,0
31.470852540000067,34.637546867000026,None,153,91,0,0,13,0,5
31.458438899000043,34.65904792400005,None,64,200,0,0,6,0,3
31.470852540000067,34.93856165700004,None,0,0,0,0,0,0,0
31.458438899000043,35.39008384300007,None,339,21,0,0,2,0,3
31.483266180000044,34.53004158500005,None,333,14,0,0,0,0,3
31.495679821000067,34.551542641000026,None,275,6,0,2,0,0,3
31.495679821000067,34.594544754000026,None,223,9,0,0,0,0,0
31.495679821000067,34.98156377000004,None,0,0,0,0,0,0,0
31.483266180000044,35.08906905300006,None,0,0,0,0,0,0,0
31.483266180000044,35.17507327800007,None,0,0,0,0,0,0,0
31.508093462000033,34.57304369800005,None,206,6,0,0,0,0,1
31.520507103000057,34.594544754000026,None,2050,2806,0,1,1425,0,149
31.508093462000033,34.65904792400005,None,330,12,0,0,1,0,2
31.508093462000033,34.70205003600006,None,344,2,0,1,2,0,0
31.508093462000033,34.91706060100006,None,0,0,0,0,0,0,0
31.520507103000057,34.93856165700004,None,0,0,0,0,0,0,0
31.520507103000057,35.11057010900004,None,66,1151,0,1,415,0,319
31.532920743000034,34.57304369800005,None,0,0,0,0,0,0,0
31.545334384000057,34.594544754000026,None,225,15,0,0,1,0,0
31.532920743000034,34.61604581100005,None,0,0,0,0,0,0,0
31.545334384000057,34.766553206000026,None,6,148,0,0,66,0,1
31.532920743000034,34.91706060100006,None,38,88,0,0,1,0,1
31.545334384000057,35.02456588300004,None,0,0,0,0,0,0,0
31.532920743000034,35.08906905300006,None,0,28,0,0,79,0,46
31.545334384000057,35.11057010900004,None,0,0,0,0,0,0,0
31.570161665000057,34.551542641000026,None,126,115,0,1,5,0,0
31.557748025000024,34.57304369800005,None,207,18,0,0,0,0,0
31.557748025000024,34.65904792400005,None,350,4,0,0,1,0,0
31.570161665000057,34.680548980000026,None,74,214,0,0,188,0,11
31.570161665000057,34.766553206000026,None,3,28,0,0,140,0,2
31.557748025000024,34.78805426200006,None,8,98,0,0,138,0,2
31.570161665000057,34.852557432000026,None,214,26,0,0,1,0,2
31.570161665000057,35.02456588300004,None,0,0,0,0,0,0,0
31.570161665000057,35.41158489900005,None,0,0,0,0,0,0,0
31.594988947000047,34.551542641000026,None,417,14,0,0,2,0,3
31.582575306000024,34.61604581100005,None,167,9,0,0,1,0,7
31.582575306000024,34.65904792400005,None,119,96,0,0,64,0,5
31.594988947000047,34.680548980000026,None,81,101,0,0,10,0,1
31.582575306000024,34.74505214900006,None,6,89,0,1,134,0,3
31.594988947000047,34.766553206000026,None,1156,1125,0,5,548,0,76
31.594988947000047,34.89555954400004,None,135,9,0,0,0,0,0
31.594988947000047,35.19657433500004,None,0,0,0,0,0,0,0
31.594988947000047,35.23957644800004,None,0,0,0,0,0,0,0
31.60740258800007,34.53004158500005,None,380,12,0,0,1,0,4
31.619816228000047,34.594544754000026,None,163,64,0,0,5,0,3
31.60740258800007,34.61604581100005,None,69,2,0,0,0,0,3
31.60740258800007,34.70205003600006,None,66,54,0,0,9,0,2
31.619816228000047,34.723551093000026,None,140,79,0,0,24,0,2
31.60740258800007,34.74505214900006,None,0,0,0,0,0,0,0
31.619816228000047,34.766553206000026,None,5425,7692,0,22,1953,0,496
31.619816228000047,34.809555319000026,None,117,52,0,0,2,0,2
31.60740258800007,35.08906905300006,None,0,0,0,0,0,0,0
31.619816228000047,35.32558067300005,None,337,61,0,258,7,0,57
31.644643510000037,34.551542641000026,None,1812,4041,0,15,1218,0,198
31.63222986900007,34.57304369800005,None,74,32,0,0,3,0,0
31.644643510000037,34.594544754000026,None,0,0,0,0,0,0,0
31.63222986900007,34.61604581100005,None,31,126,0,0,32,0,15
31.63222986900007,34.65904792400005,None,202,57,0,0,0,0,4
31.644643510000037,34.680548980000026,None,111,5,0,1,0,0,1
31.63222986900007,34.70205003600006,None,243,507,0,1,262,0,22
31.644643510000037,34.723551093000026,None,24,84,0,1,152,0,2
31.644643510000037,34.852557432000026,None,268,2,0,0,0,0,0
31.63222986900007,34.96006271400006,None,5,4,0,0,40,0,0
31.644643510000037,35.11057010900004,None,25,57,0,0,112,0,2
31.644643510000037,35.15357222200004,None,50,544,0,1,679,0,47
31.644643510000037,35.23957644800004,None,11,246,0,0,28,0,15
31.669470791000037,34.551542641000026,None,1130,1252,0,1,553,0,78
31.65705715100006,34.57304369800005,None,3940,6869,0,10,2306,0,407
31.669470791000037,34.594544754000026,None,217,1054,0,0,412,0,80
31.65705715100006,34.61604581100005,None,79,148,0,0,83,0,9
31.669470791000037,34.637546867000026,None,171,307,0,0,201,0,24
31.669470791000037,34.680548980000026,None,372,6,0,1,0,0,3
31.65705715100006,34.70205003600006,None,112,41,0,0,2,0,2
31.669470791000037,34.723551093000026,None,0,3,0,0,100,0,4
31.65705715100006,34.74505214900006,None,0,3,0,0,124,0,2
31.669470791000037,34.766553206000026,None,216,182,0,1,92,0,8
31.65705715100006,34.78805426200006,None,86,183,0,0,161,0,7
31.65705715100006,34.87405848800006,None,166,0,0,0,1,0,1
31.669470791000037,34.93856165700004,None,110,82,0,0,5,0,7
31.65705715100006,35.00306482700006,None,11,150,0,0,45,0,3
31.65705715100006,35.08906905300006,None,0,0,0,0,0,0,0
31.65705715100006,35.13207116500007,None,36,317,0,0,724,0,53
31.669470791000037,35.15357222200004,None,1,43,0,0,53,0,2
31.68188443200006,34.57304369800005,None,4098,3265,0,6,530,0,151
31.694298073000027,34.594544754000026,None,655,370,0,1,74,0,26
31.68188443200006,34.61604581100005,None,38,26,0,0,1,0,1
31.694298073000027,34.637546867000026,None,156,49,0,0,13,0,5
31.694298073000027,34.680548980000026,None,39,70,0,0,219,0,2
31.694298073000027,34.723551093000026,None,53,166,0,0,214,0,8
31.68188443200006,34.74505214900006,None,5,111,0,0,131,0,3
31.68188443200006,34.78805426200006,None,135,49,0,1,5,0,2
31.694298073000027,34.89555954400004,None,63,41,0,0,54,0,2
31.694298073000027,34.98156377000004,None,233,6,0,0,0,0,0
31.694298073000027,35.02456588300004,None,36,51,0,0,37,0,5
31.694298073000027,35.11057010900004,None,1,41,0,0,456,0,76
31.68188443200006,35.17507327800007,None,0,0,0,0,0,0,0
31.70671171300006,34.61604581100005,None,0,0,0,0,0,0,0
31.719125354000028,34.637546867000026,None,238,8,0,0,1,0,0
31.70671171300006,34.70205003600006,None,13,64,0,0,182,0,4
31.719125354000028,34.723551093000026,None,310,93,0,0,2,0,4
31.719125354000028,34.766553206000026,None,199,52,0,0,4,0,8
31.70671171300006,34.91706060100006,None,31,104,0,0,25,0,9
31.70671171300006,34.96006271400006,None,83,193,0,0,27,0,0
31.719125354000028,34.98156377000004,None,0,0,0,0,0,0,0
31.70671171300006,35.00306482700006,None,0,0,0,0,0,0,0
31.719125354000028,35.06756799600004,None,88,152,0,0,43,0,2
31.70671171300006,35.08906905300006,None,136,39,0,1,2,0,1
31.719125354000028,35.11057010900004,None,38,104,0,0,12,0,8
31.719125354000028,35.19657433500004,None,732,1201,0,4,353,0,91
31.719125354000028,35.23957644800004,None,0,0,0,0,0,0,0
31.743952636000074,34.637546867000026,None,0,0,0,0,0,0,0
31.73153899500005,34.65904792400005,None,197,100,0,0,22,0,2
31.743952636000074,34.680548980000026,None,150,168,0,0,20,0,7
31.743952636000074,34.723551093000026,None,432,74,0,1,0,0,3
31.73153899500005,34.74505214900006,None,1913,4197,0,4,1269,0,917
31.743952636000074,34.766553206000026,None,354,256,0,0,150,0,25
31.73153899500005,34.78805426200006,None,248,65,0,0,2,0,8
31.743952636000074,34.809555319000026,None,86,64,0,0,4,0,6
31.73153899500005,34.83105637500006,None,473,7,0,13,1,0,0
31.73153899500005,34.87405848800006,None,1,64,0,0,85,0,3
31.743952636000074,34.89555954400004,None,5,81,0,0,127,0,11
31.73153899500005,34.91706060100006,None,30,37,0,0,62,0,4
31.743952636000074,34.98156377000004,None,1672,3358,0,3,1506,0,167
31.73153899500005,35.00306482700006,None,14,98,0,0,82,0,5
31.743952636000074,35.06756799600004,None,123,96,0,0,12,0,22
31.743952636000074,35.15357222200004,None,99,106,0,0,26,0,2
31.73153899500005,35.17507327800007,None,1550,2408,0,4,625,0,199
31.743952636000074,35.19657433500004,None,4751,7295,0,79,1959,0,566
31.73153899500005,35.21807539100007,None,844,1120,0,8,220,0,51
31.743952636000074,35.23957644800004,None,2679,3499,0,4,667,0,249
31.768779917000074,34.637546867000026,None,233,227,0,1,35,0,21
31.768779917000074,34.680548980000026,None,199,315,0,0,142,0,68
31.75636627600005,34.70205003600006,None,88,175,0,0,47,0,3
31.768779917000074,34.723551093000026,None,386,8,0,0,0,0,2
31.75636627600005,34.78805426200006,None,9,72,0,2,137,0,24
31.768779917000074,34.809555319000026,None,198,10,0,0,0,0,1
31.75636627600005,34.96006271400006,None,496,118,0,8,190,0,10
31.75636627600005,35.00306482700006,None,450,1081,0,0,488,0,53
31.768779917000074,35.06756799600004,None,66,91,0,0,7,0,2
31.75636627600005,35.13207116500007,None,268,229,0,0,30,0,19
31.768779917000074,35.15357222200004,None,433,371,0,4,69,0,18
31.75636627600005,35.17507327800007,None,9161,10071,0,47,4153,0,745
31.768779917000074,35.19657433500004,None,5285,3850,0,18,2792,0,301
31.75636627600005,35.21807539100007,None,11828,12156,0,70,4353,0,837
31.768779917000074,35.23957644800004,None,183,285,0,5,576,0,73
31.768779917000074,35.28257856100004,None,155,508,0,0,70,0,30
31.75636627600005,35.30407961700007,None,0,0,0,0,0,0,0
31.75636627600005,35.47608806900007,None,101,26,0,0,0,0,0
31.78119355800004,34.61604581100005,None,674,529,0,0,73,0,69
31.793607199000064,34.637546867000026,None,6333,6111,0,15,1755,0,537
31.78119355800004,34.65904792400005,None,2399,3511,0,12,1367,0,236
31.78119355800004,34.70205003600006,None,62,277,0,1,344,0,36
31.793607199000064,34.723551093000026,None,265,82,0,2,4,0,3
31.793607199000064,34.766553206000026,None,720,902,0,3,631,0,70
31.78119355800004,34.78805426200006,None,0,0,0,0,0,0,0
31.793607199000064,34.809555319000026,None,0,13,0,0,180,0,5
31.793607199000064,34.89555954400004,None,187,63,0,0,3,0,6
31.793607199000064,34.93856165700004,None,123,240,0,0,100,0,17
31.793607199000064,34.98156377000004,None,48,162,0,0,286,0,19
31.78119355800004,35.00306482700006,None,29,119,0,0,91,0,7
31.793607199000064,35.02456588300004,None,12,81,0,0,117,0,6
31.78119355800004,35.04606694000006,None,14,60,0,0,50,0,1
31.793607199000064,35.06756799600004,None,99,20,0,0,4,0,1
31.78119355800004,35.08906905300006,None,107,181,0,0,51,0,7
31.793607199000064,35.11057010900004,None,569,112,0,14,65,0,5
31.793607199000064,35.15357222200004,None,2932,3289,0,4,766,0,154
31.78119355800004,35.17507327800007,None,2261,1627,0,6,3888,0,284
31.793607199000064,35.19657433500004,None,2383,3459,0,7,8011,0,642
31.78119355800004,35.21807539100007,None,8382,8393,0,69,8912,0,1039
31.793607199000064,35.23957644800004,None,3244,1877,0,80,517,0,168
31.78119355800004,35.30407961700007,None,1029,3357,0,3,930,0,188
31.793607199000064,35.45458701200005,None,0,0,0,0,0,0,0
31.818434480000064,34.637546867000026,None,835,831,0,3,331,0,56
31.80602083900004,34.65904792400005,None,7433,9149,0,24,5355,0,641
31.818434480000064,34.680548980000026,None,35,109,0,0,295,0,3
31.80602083900004,34.70205003600006,None,59,126,0,0,5,0,0
31.818434480000064,34.723551093000026,None,120,116,0,0,370,0,15
31.80602083900004,34.74505214900006,None,462,409,0,1,10,0,29
31.818434480000064,34.766553206000026,None,928,944,0,0,285,0,76
31.80602083900004,34.78805426200006,None,502,884,0,4,634,0,95
31.818434480000064,34.809555319000026,None,388,96,0,0,3,0,6
31.80602083900004,34.83105637500006,None,0,0,0,0,0,0,0
31.818434480000064,34.852557432000026,None,0,5,0,0,166,0,1
31.818434480000064,34.89555954400004,None,87,13,0,0,0,0,0
31.818434480000064,34.98156377000004,None,0,0,0,0,0,0,0
31.80602083900004,35.00306482700006,None,94,69,0,0,36,0,1
31.80602083900004,35.08906905300006,None,242,122,0,0,288,0,21
31.818434480000064,35.11057010900004,None,826,119,0,330,63,0,57
31.80602083900004,35.13207116500007,None,735,289,0,0,28,0,18
31.80602083900004,35.17507327800007,None,0,0,0,0,0,0,0
31.818434480000064,35.19657433500004,None,3220,4371,0,9,5647,0,704
31.80602083900004,35.21807539100007,None,2178,3923,0,10,10813,0,649
31.818434480000064,35.23957644800004,None,1652,2357,0,4,421,0,187
31.818434480000064,35.32558067300005,None,20,237,0,0,54,0,14
31.80602083900004,35.39008384300007,None,17,78,0,0,107,0,32
31.80602083900004,35.47608806900007,None,0,0,0,0,0,0,0
31.843261761000065,34.723551093000026,None,134,93,0,0,5,0,2
31.83084812100003,34.74505214900006,None,690,275,0,1,15,0,19
31.843261761000065,34.809555319000026,None,189,142,0,0,10,0,4
31.83084812100003,34.87405848800006,None,204,278,0,0,3,0,6
31.83084812100003,34.91706060100006,None,67,106,0,0,58,0,20
31.83084812100003,34.96006271400006,None,256,8,0,9,0,0,3
31.843261761000065,35.02456588300004,None,0,35,0,0,75,0,12
31.843261761000065,35.06756799600004,None,0,0,0,0,0,0,0
31.83084812100003,35.13207116500007,None,608,585,0,0,72,0,46
31.843261761000065,35.15357222200004,None,44,147,0,0,4,0,26
31.843261761000065,35.23957644800004,None,1534,3936,0,10,1871,0,429
31.83084812100003,35.26107750400007,None,0,0,0,0,0,0,0
31.843261761000065,35.28257856100004,None,0,0,0,0,0,0,0
31.83084812100003,35.30407961700007,None,32,117,0,0,0,0,3
31.83084812100003,35.34708173000007,None,0,0,0,0,0,0,0
31.83084812100003,35.433085955000024,None,0,0,0,0,0,0,0
31.868089043000055,34.723551093000026,None,18,113,0,0,150,0,12
31.85567540200003,34.74505214900006,None,248,277,0,0,114,0,22
31.868089043000055,34.766553206000026,None,16,32,0,0,161,0,6
31.868089043000055,34.809555319000026,None,1531,221,0,34,24,0,22
31.85567540200003,34.83105637500006,None,1762,2198,0,3,658,0,469
31.868089043000055,34.852557432000026,None,233,317,0,0,40,0,12
31.85567540200003,34.87405848800006,None,93,138,0,0,21,0,6
31.868089043000055,34.89555954400004,None,113,253,0,0,79,0,4
31.85567540200003,34.91706060100006,None,519,201,0,0,2,0,20
31.868089043000055,34.93856165700004,None,216,239,0,0,8,0,4
31.868089043000055,34.98156377000004,None,7,54,0,0,217,0,7
31.868089043000055,35.15357222200004,None,0,0,0,0,0,0,0
31.85567540200003,35.17507327800007,None,541,1269,0,1,168,0,69
31.868089043000055,35.23957644800004,None,0,47,0,0,61,0,10
31.85567540200003,35.26107750400007,None,0,0,0,0,0,0,0
31.892916324000055,34.680548980000026,None,0,0,0,0,0,0,0
31.880502684000078,34.74505214900006,None,4335,5484,0,6,2146,0,317
31.892916324000055,34.766553206000026,None,455,724,0,1,196,0,53
31.880502684000078,34.78805426200006,None,1747,1741,0,7,406,0,165
31.892916324000055,34.809555319000026,None,18952,11687,0,44,3797,0,1572
31.880502684000078,34.83105637500006,None,2218,1765,0,21,572,0,267
31.892916324000055,34.852557432000026,None,971,93,0,0,12,0,20
31.892916324000055,34.89555954400004,None,35,140,0,0,145,0,9
31.880502684000078,34.91706060100006,None,411,333,0,6,52,0,55
31.892916324000055,34.93856165700004,None,130,73,0,0,7,0,0
31.892916324000055,34.98156377000004,None,0,0,0,0,0,0,0
31.880502684000078,35.00306482700006,None,0,0,0,0,0,0,0
31.892916324000055,35.02456588300004,None,1428,576,0,0,25,0,26
31.880502684000078,35.13207116500007,None,14,163,0,0,53,0,7
31.880502684000078,35.30407961700007,None,5,69,0,0,50,0,9
31.917743606000045,34.766553206000026,None,210,47,0,0,3,0,1
31.905329965000078,34.78805426200006,None,22,86,0,0,76,0,1
31.917743606000045,34.809555319000026,None,3048,1868,0,37,310,0,140
31.905329965000078,34.83105637500006,None,496,310,0,5,302,0,82
31.917743606000045,34.852557432000026,None,2335,5053,0,587,1534,0,264
31.905329965000078,34.87405848800006,None,160,175,0,0,30,0,6
31.917743606000045,34.93856165700004,None,11,58,0,0,104,0,3
31.905329965000078,35.00306482700006,None,0,0,0,0,0,0,0
31.917743606000045,35.02456588300004,None,136,120,0,0,299,0,35
31.905329965000078,35.04606694000006,None,45,18,0,0,11,0,0
31.905329965000078,35.47608806900007,None,0,0,0,0,0,0,0
31.930157247000068,34.70205003600006,None,289,10,0,2,0,0,2
31.942570887000045,34.766553206000026,None,208,60,0,0,7,0,4
31.930157247000068,34.78805426200006,None,3321,2151,0,2,199,0,115
31.942570887000045,34.809555319000026,None,1800,2645,0,4,749,0,228
31.930157247000068,34.83105637500006,None,924,711,0,2,374,0,42
31.942570887000045,34.852557432000026,None,2224,3248,0,75,813,0,170
31.930157247000068,34.87405848800006,None,2253,3155,0,661,725,0,197
31.942570887000045,34.89555954400004,None,5634,8148,0,557,1322,0,476
31.930157247000068,34.91706060100006,None,138,220,0,0,33,0,2
31.942570887000045,34.93856165700004,None,118,16,0,1,9,0,6
31.930157247000068,34.96006271400006,None,0,0,0,0,0,0,0
31.942570887000045,34.98156377000004,None,3,13,0,0,10,0,38
31.930157247000068,35.00306482700006,None,0,0,0,0,0,0,0
31.930157247000068,35.04606694000006,None,0,0,0,0,0,0,0
31.930157247000068,35.13207116500007,None,0,48,0,0,68,0,4
31.930157247000068,35.21807539100007,None,3,436,0,0,452,0,76
31.942570887000045,35.41158489900005,None,0,0,0,0,0,0,0
31.967398169000035,34.766553206000026,None,0,0,0,0,0,0,0
31.954984528000068,34.78805426200006,None,9910,5347,0,16,561,0,412
31.967398169000035,34.809555319000026,None,17961,13245,0,28,2909,0,1192
31.954984528000068,34.83105637500006,None,1469,2455,0,3,560,0,155
31.954984528000068,34.87405848800006,None,1460,2695,0,316,512,0,535
31.967398169000035,34.89555954400004,None,620,1356,0,770,358,0,97
31.954984528000068,34.91706060100006,None,267,119,0,0,4,0,4
31.967398169000035,34.93856165700004,None,179,174,0,1,129,0,10
31.967398169000035,35.06756799600004,None,0,0,0,0,0,0,0
31.954984528000068,35.13207116500007,None,0,0,0,0,0,0,0
31.954984528000068,35.26107750400007,None,8,216,0,0,240,0,13
31.954984528000068,35.34708173000007,None,2,104,0,1,73,0,16
31.967398169000035,35.45458701200005,None,0,0,0,0,0,0,0
31.97981180900007,34.74505214900006,None,0,0,0,0,0,0,0
31.992225450000035,34.766553206000026,None,4869,3690,0,10,634,0,228
31.97981180900007,34.78805426200006,None,9749,7089,0,14,1124,0,492
31.992225450000035,34.809555319000026,None,439,603,0,0,75,0,30
31.992225450000035,34.852557432000026,None,18,163,0,0,182,0,871
31.97981180900007,34.87405848800006,None,68,219,0,0,460,0,12
31.97981180900007,34.91706060100006,None,129,103,0,0,11,0,2
31.992225450000035,34.93856165700004,None,66,184,0,0,60,0,36
31.97981180900007,34.96006271400006,None,115,115,0,1,7,0,1
31.97981180900007,35.13207116500007,None,0,0,0,0,0,0,0
31.992225450000035,35.45458701200005,None,0,0,0,0,0,0,0
32.00463909100006,34.74505214900006,None,11785,11709,0,45,1830,0,940
32.017052732000025,34.766553206000026,None,33109,27447,0,112,4862,0,1767
32.00463909100006,34.78805426200006,None,11245,8534,0,14,1227,0,639
32.017052732000025,34.809555319000026,None,2586,2506,0,4,673,0,182
32.00463909100006,34.83105637500006,None,475,1098,0,1,317,0,56
32.017052732000025,34.852557432000026,None,592,1388,0,6,871,0,67
32.017052732000025,34.93856165700004,None,14,228,0,0,322,0,133
32.00463909100006,34.96006271400006,None,0,0,0,0,0,0,0
32.00463909100006,35.13207116500007,None,3,168,0,0,153,0,6
32.00463909100006,35.17507327800007,None,0,0,0,0,0,0,0
32.00463909100006,35.433085955000024,None,0,0,0,0,0,0,0
32.02946637200006,34.74505214900006,None,22618,20541,0,479,3840,0,1378
32.041880013000025,34.766553206000026,None,7953,8707,0,1322,2884,0,651
32.02946637200006,34.78805426200006,None,10177,6529,0,16,1168,0,434
32.041880013000025,34.809555319000026,None,6703,8202,0,36,2023,0,481
32.02946637200006,34.83105637500006,None,3638,2908,0,7,729,0,124
32.041880013000025,34.852557432000026,None,1064,768,0,1,318,0,40
32.02946637200006,34.87405848800006,None,3607,3885,0,20,1157,0,308
32.041880013000025,34.89555954400004,None,3537,3805,0,10,670,0,167
32.02946637200006,34.91706060100006,None,188,47,0,0,5,0,7
32.041880013000025,34.93856165700004,None,370,337,0,0,31,0,17
32.02946637200006,35.04606694000006,None,82,508,0,0,8,0,12
32.041880013000025,35.32558067300005,None,0,0,0,0,0,0,0
32.02946637200006,35.433085955000024,None,61,37,0,0,1,0,1
32.041880013000025,35.45458701200005,None,60,50,0,0,0,0,1
32.05429365400005,34.74505214900006,None,1091,566,0,495,111,0,72
32.06670729500007,34.766553206000026,None,12326,8243,0,160,2486,0,736
32.05429365400005,34.78805426200006,None,8058,13221,0,80,5086,0,777
32.06670729500007,34.809555319000026,None,28493,16231,0,56,3207,0,1025
32.05429365400005,34.83105637500006,None,7504,5526,0,20,1937,0,382
32.06670729500007,34.852557432000026,None,7316,4177,0,13,2199,0,272
32.05429365400005,34.87405848800006,None,5449,3583,0,7,1110,0,210
32.06670729500007,34.89555954400004,None,4944,5453,0,15,1901,0,307
32.05429365400005,34.91706060100006,None,75,218,0,1,460,0,32
32.06670729500007,34.93856165700004,None,161,3,0,0,0,0,0
32.05429365400005,34.96006271400006,None,0,0,0,0,0,0,0
32.06670729500007,34.98156377000004,None,0,0,0,0,0,0,0
32.05429365400005,35.04606694000006,None,0,17,0,0,83,0,0
32.06670729500007,35.06756799600004,None,13,81,0,0,0,0,4
32.06670729500007,35.23957644800004,None,0,52,0,1,29,0,4
32.05429365400005,35.30407961700007,None,3,113,0,0,135,0,7
32.06670729500007,35.41158489900005,None,192,355,0,0,49,0,20
32.05429365400005,35.47608806900007,None,0,0,0,0,0,0,0
32.09153457600007,34.766553206000026,None,15628,6848,0,79,996,0,573
32.07912093500005,34.78805426200006,None,20812,10750,0,77,2836,0,745
32.09153457600007,34.809555319000026,None,18079,12347,0,82,1846,0,865
32.07912093500005,34.83105637500006,None,18978,15590,0,58,30040,0,1997
32.09153457600007,34.852557432000026,None,2531,3147,0,20,6610,0,390
32.07912093500005,34.87405848800006,None,16821,10452,0,33,5369,0,790
32.09153457600007,34.89555954400004,None,12068,11375,0,40,4843,0,767
32.07912093500005,34.91706060100006,None,1150,1305,0,0,684,0,65
32.09153457600007,34.93856165700004,None,865,2091,0,0,1055,0,266
32.07912093500005,34.96006271400006,None,159,740,0,1,288,0,64
32.09153457600007,34.98156377000004,None,0,0,0,0,0,0,0
32.07912093500005,35.08906905300006,None,0,0,0,0,0,0,0
32.09153457600007,35.19657433500004,None,0,0,0,0,0,0,0
32.07912093500005,35.26107750400007,None,1,43,0,0,46,0,7
32.07912093500005,35.34708173000007,None,0,0,0,0,0,0,0
32.10394821700004,34.78805426200006,None,15593,6600,0,44,1082,0,416
32.11636185700007,34.809555319000026,None,14069,5675,0,24,816,0,351
32.10394821700004,34.83105637500006,None,6916,6344,0,35,3234,0,471
32.11636185700007,34.852557432000026,None,2673,1741,0,7,801,0,126
32.10394821700004,34.87405848800006,None,847,849,0,11,155,0,64
32.11636185700007,34.89555954400004,None,311,220,0,2,58,0,15
32.10394821700004,34.91706060100006,None,285,8,0,0,0,0,2
32.11636185700007,34.93856165700004,None,0,0,0,0,0,0,0
32.10394821700004,34.96006271400006,None,589,1425,0,420,622,0,237
32.11636185700007,34.98156377000004,None,754,30,0,1667,120,0,498
32.11636185700007,35.02456588300004,None,112,973,0,1,850,0,34
32.11636185700007,35.11057010900004,None,12,288,0,0,33,0,5
32.10394821700004,35.17507327800007,None,610,3535,0,1,183,0,100
32.11636185700007,35.19657433500004,None,0,0,0,0,0,0,0
32.10394821700004,35.21807539100007,None,0,0,0,0,0,0,0
32.11636185700007,35.23957644800004,None,5,63,0,0,18,0,23
32.10394821700004,35.26107750400007,None,0,0,0,0,0,0,0
32.10394821700004,35.39008384300007,None,0,0,0,0,0,0,0
32.11636185700007,35.49758912500005,None,0,0,0,0,0,0,0
32.12877549800004,34.78805426200006,None,2839,1236,0,3,68,0,74
32.12877549800004,34.83105637500006,None,3732,1188,0,4,103,0,65
32.14118913900006,34.852557432000026,None,9793,5263,0,21,1120,0,369
32.12877549800004,34.87405848800006,None,372,239,0,0,49,0,16
32.14118913900006,34.89555954400004,None,2218,1624,0,2,224,0,114
32.12877549800004,34.91706060100006,None,218,73,0,0,4,0,4
32.12877549800004,34.96006271400006,None,161,18,0,95,27,0,70
32.14118913900006,34.98156377000004,None,325,65,0,0,1,0,0
32.12877549800004,35.00306482700006,None,415,812,0,0,51,0,19
32.12877549800004,35.04606694000006,None,0,0,0,0,0,0,0
32.14118913900006,35.11057010900004,None,1,105,0,0,112,0,2
32.12877549800004,35.13207116500007,None,0,0,0,0,0,0,0
32.16601642000006,34.809555319000026,None,3113,1544,0,1,85,0,165
32.15360278000003,34.83105637500006,None,8670,5059,0,11,650,0,629
32.16601642000006,34.852557432000026,None,9473,6897,0,18,1635,0,850
32.15360278000003,34.87405848800006,None,2235,1174,0,7,168,0,64
32.16601642000006,34.89555954400004,None,7522,3660,0,10,318,0,237
32.15360278000003,34.91706060100006,None,1430,1539,0,8,402,0,77
32.16601642000006,34.93856165700004,None,608,444,0,2,45,0,26
32.15360278000003,34.96006271400006,None,552,237,0,841,135,0,298
32.16601642000006,34.98156377000004,None,0,0,0,0,0,0,0
32.16601642000006,35.02456588300004,None,191,550,0,0,30,0,20
32.16601642000006,35.06756799600004,None,3,155,0,0,14,0,7
32.15360278000003,35.08906905300006,None,0,0,0,0,0,0,0
32.16601642000006,35.11057010900004,None,0,0,0,0,0,0,0
32.15360278000003,35.13207116500007,None,5,81,0,0,778,0,105
32.16601642000006,35.23957644800004,None,0,0,0,0,0,0,0
32.16601642000006,35.41158489900005,None,27,34,0,0,2,0,0
32.19084370200005,34.809555319000026,None,2097,888,0,4,103,0,129
32.17843006100003,34.83105637500006,None,5110,2553,0,11,417,0,325
32.19084370200005,34.852557432000026,None,1362,1022,0,8,345,0,75
32.17843006100003,34.87405848800006,None,14720,7203,0,32,2117,0,541
32.19084370200005,34.89555954400004,None,1893,1766,0,5,379,0,170
32.17843006100003,34.91706060100006,None,11506,6808,0,14,1797,0,484
32.19084370200005,34.93856165700004,None,1139,1977,0,2,369,0,87
32.17843006100003,35.00306482700006,None,165,398,0,0,11,0,12
32.17843006100003,35.08906905300006,None,91,940,0,0,484,0,42
32.17843006100003,35.30407961700007,None,0,0,0,0,0,0,0
32.21567098300005,34.809555319000026,None,463,19,0,0,0,0,1
32.203257343000075,34.83105637500006,None,344,45,0,0,0,0,7
32.203257343000075,34.87405848800006,None,718,901,0,3,458,0,97
32.21567098300005,34.89555954400004,None,252,69,0,0,8,0,6
32.203257343000075,34.91706060100006,None,426,63,0,0,5,0,8
32.21567098300005,34.93856165700004,None,390,31,0,0,1,0,0
32.203257343000075,34.96006271400006,None,201,8,0,0,0,0,0
32.21567098300005,34.98156377000004,None,998,668,0,0,199,0,39
32.203257343000075,35.00306482700006,None,0,0,0,0,0,0,0
32.21567098300005,35.15357222200004,None,2,471,0,0,247,0,43
32.203257343000075,35.433085955000024,None,0,0,0,0,0,0,0
32.228084624000076,34.83105637500006,None,355,4,0,0,1,0,2
32.228084624000076,34.87405848800006,None,312,263,0,0,43,0,12
32.228084624000076,34.91706060100006,None,160,36,0,0,1,0,3
32.24049826500004,34.93856165700004,None,309,57,0,0,3,0,4
32.228084624000076,34.96006271400006,None,1279,153,0,1781,105,0,1525
32.228084624000076,35.00306482700006,None,890,820,0,1,180,0,17
32.24049826500004,35.02456588300004,None,0,0,0,0,0,0,0
32.24049826500004,35.32558067300005,None,5,232,0,1,162,0,42
32.24049826500004,35.49758912500005,None,0,0,0,0,0,0,0
32.252911905000076,34.83105637500006,None,311,6,0,0,0,0,0
32.26532554600004,34.852557432000026,None,900,551,0,1,97,0,26
32.252911905000076,34.87405848800006,None,146,37,0,0,2,0,0
32.26532554600004,34.89555954400004,None,1871,939,0,0,150,0,41
32.252911905000076,34.91706060100006,None,660,892,0,1,183,0,29
32.26532554600004,34.93856165700004,None,418,221,0,0,65,0,7
32.26532554600004,34.98156377000004,None,22,173,0,0,76,0,19
32.252911905000076,35.00306482700006,None,0,0,0,0,0,0,0
32.26532554600004,35.02456588300004,None,0,0,0,0,0,0,0
32.252911905000076,35.04606694000006,None,80,66,0,0,0,0,1
32.26532554600004,35.19657433500004,None,5,189,0,0,88,0,7
32.252911905000076,35.519090181000024,None,0,0,0,0,0,0,0
32.29015282800003,34.852557432000026,None,6117,6573,0,27,2254,0,613
32.277739187000066,34.87405848800006,None,498,450,0,2,236,0,20
32.277739187000066,34.91706060100006,None,1274,1222,0,3,655,0,85
32.29015282800003,34.93856165700004,None,201,89,0,0,49,0,2
32.277739187000066,34.96006271400006,None,62,239,0,0,287,0,35
32.29015282800003,34.98156377000004,None,1048,92,0,1035,157,0,662
32.277739187000066,35.00306482700006,None,3709,145,0,3054,275,0,1021
32.29015282800003,35.06756799600004,None,0,0,0,0,0,0,0
32.277739187000066,35.13207116500007,None,5,79,0,0,46,0,6
32.31498010900003,34.852557432000026,None,7767,7248,0,14,2543,0,531
32.302566468000066,34.87405848800006,None,0,0,0,0,0,0,0
32.31498010900003,34.89555954400004,None,838,1732,0,3,532,0,90
32.302566468000066,34.91706060100006,None,1623,1417,0,2,655,0,89
32.31498010900003,34.93856165700004,None,824,1197,0,0,447,0,28
32.302566468000066,34.96006271400006,None,360,203,0,2,73,0,16
32.31498010900003,34.98156377000004,None,140,59,0,0,10,0,2
32.302566468000066,35.00306482700006,None,194,217,0,0,97,0,6
32.31498010900003,35.49758912500005,None,0,0,0,0,0,0,0
32.33980739100008,34.852557432000026,None,11150,8997,0,23,3190,0,804
32.327393750000056,34.87405848800006,None,2405,3654,0,3,1486,0,225
32.33980739100008,34.89555954400004,None,1126,241,0,0,8,0,9
32.327393750000056,34.91706060100006,None,0,0,0,0,0,0,0
32.33980739100008,34.93856165700004,None,151,38,0,0,3,0,4
32.327393750000056,34.96006271400006,None,193,68,0,0,3,0,3
32.33980739100008,34.98156377000004,None,182,46,0,0,4,0,2
32.327393750000056,35.00306482700006,None,58,10,0,3,1,0,1
32.33980739100008,35.02456588300004,None,185,17,0,0,0,0,0
32.327393750000056,35.519090181000024,None,0,0,0,0,0,0,0
32.36463467200008,34.852557432000026,None,317,185,0,0,80,0,17
32.352221031000056,34.87405848800006,None,936,588,0,0,117,0,36
32.36463467200008,34.89555954400004,None,997,67,0,0,3,0,7
32.352221031000056,34.91706060100006,None,775,93,0,1,4,0,4
32.36463467200008,34.98156377000004,None,111,26,0,0,0,0,1
32.352221031000056,35.00306482700006,None,163,32,0,0,2,0,1
32.36463467200008,35.02456588300004,None,546,217,0,259,28,0,43
32.352221031000056,35.04606694000006,None,71,15,0,94,1,0,21
32.352221031000056,35.519090181000024,None,0,0,0,0,0,0,0
32.377048313000046,34.87405848800006,None,1705,410,0,5,19,0,32
32.38946195300008,34.89555954400004,None,42,89,0,0,45,0,3
32.377048313000046,34.91706060100006,None,212,152,0,0,45,0,4
32.38946195300008,34.93856165700004,None,1789,51,0,0,3,0,4
32.38946195300008,34.98156377000004,None,571,93,0,1,7,0,2
32.38946195300008,35.02456588300004,None,246,14,0,0,0,0,0
32.377048313000046,35.519090181000024,None,8,35,0,0,127,0,4
32.401875594000046,34.87405848800006,None,365,358,0,1,12,0,22
32.401875594000046,34.91706060100006,None,406,531,0,0,488,0,29
32.41428923500007,34.93856165700004,None,0,0,0,0,0,0,0
32.401875594000046,35.00306482700006,None,277,52,0,0,4,0,2
32.401875594000046,35.04606694000006,None,537,105,0,363,156,0,670
32.426702876000036,34.87405848800006,None,186,429,0,0,129,0,23
32.43911651600007,34.89555954400004,None,2118,4202,0,4,1133,0,153
32.426702876000036,34.91706060100006,None,4485,3341,0,11,722,0,177
32.43911651600007,34.93856165700004,None,1091,795,0,4,130,0,37
32.426702876000036,34.96006271400006,None,731,978,0,2,245,0,34
32.43911651600007,34.98156377000004,None,79,77,0,0,4,0,3
32.426702876000036,35.00306482700006,None,74,80,0,0,27,0,1
32.426702876000036,35.04606694000006,None,1378,82,0,1486,1122,0,712
32.426702876000036,35.13207116500007,None,0,0,0,0,0,0,0
32.426702876000036,35.17507327800007,None,8,99,0,0,1,0,1
32.43911651600007,35.49758912500005,None,117,75,0,0,32,0,3
32.426702876000036,35.519090181000024,None,67,94,0,0,246,0,3
32.451530157000036,34.91706060100006,None,4361,3193,0,6,693,0,195
32.451530157000036,34.96006271400006,None,630,9,0,4,1,0,2
32.46394379800006,34.98156377000004,None,2514,2067,0,3,571,0,91
32.451530157000036,35.00306482700006,None,435,30,0,0,4,0,3
32.46394379800006,35.02456588300004,None,640,14,0,1,1,0,4
32.451530157000036,35.04606694000006,None,475,11,0,127,26,0,7
32.46394379800006,35.06756799600004,None,124,7,0,37,31,0,8
32.451530157000036,35.433085955000024,None,0,0,0,0,0,0,0
32.451530157000036,35.47608806900007,None,12,352,0,0,99,0,26
32.46394379800006,35.49758912500005,None,73,73,0,0,179,0,4
32.451530157000036,35.519090181000024,None,62,97,0,0,183,0,8
32.451530157000036,35.562092294000024,None,265,16,0,0,3,0,4
32.48877107900006,34.89555954400004,None,387,19,0,0,0,0,3
32.476357439000026,34.96006271400006,None,1176,2257,0,2,661,0,91
32.48877107900006,34.98156377000004,None,617,284,0,0,52,0,7
32.476357439000026,35.00306482700006,None,347,144,0,0,165,0,6
32.476357439000026,35.04606694000006,None,0,0,0,0,0,0,0
32.476357439000026,35.08906905300006,None,438,14,0,57,108,0,20
32.48877107900006,35.11057010900004,None,238,33,0,69,17,0,10
32.476357439000026,35.13207116500007,None,0,0,0,0,0,0,0
32.476357439000026,35.17507327800007,None,33,116,0,0,6,0,3
32.476357439000026,35.433085955000024,None,33,23,0,0,37,0,3
32.476357439000026,35.47608806900007,None,356,106,0,0,133,0,1
32.48877107900006,35.49758912500005,None,1316,3113,0,3,1460,0,103
32.48877107900006,35.54059123800005,None,556,33,0,0,0,0,1
32.501184720000026,34.91706060100006,None,1147,2945,0,15,1064,0,102
32.51359836100005,34.93856165700004,None,726,802,0,0,214,0,29
32.501184720000026,35.00306482700006,None,222,33,0,0,1,0,1
32.501184720000026,35.04606694000006,None,1699,352,0,1283,143,0,234
32.501184720000026,35.08906905300006,None,1410,252,0,1387,511,0,598
32.501184720000026,35.13207116500007,None,0,0,0,0,0,0,0
32.51359836100005,35.15357222200004,None,1256,96,0,6074,266,0,731
32.51359836100005,35.28257856100004,None,183,3,0,230,20,0,178
32.51359836100005,35.32558067300005,None,37,2,0,115,41,0,60
32.51359836100005,35.45458701200005,None,460,4,0,0,0,0,2
32.501184720000026,35.47608806900007,None,380,8,0,0,0,0,1
32.51359836100005,35.49758912500005,None,397,802,0,0,320,0,31
32.52601200200007,34.91706060100006,None,1648,111,0,330,133,0,109
32.52601200200007,34.96006271400006,None,458,491,0,1,184,0,34
32.52601200200007,35.00306482700006,None,43,121,0,0,6,0,4
32.52601200200007,35.04606694000006,None,171,8,0,0,1,0,0
32.53842564200005,35.11057010900004,None,186,29,0,337,0,0,108
32.52601200200007,35.13207116500007,None,66,4,0,386,6,0,37
32.53842564200005,35.15357222200004,None,71,78,0,401,74,0,272
32.53842564200005,35.19657433500004,None,65,22,0,59,88,0,2
32.52601200200007,35.26107750400007,None,196,32,0,0,1,0,0
32.52601200200007,35.30407961700007,None,100,69,0,0,6,0,20
32.52601200200007,35.34708173000007,None,0,0,0,0,0,0,0
32.52601200200007,35.433085955000024,None,797,15,0,1,0,0,8
32.52601200200007,35.47608806900007,None,179,9,0,0,1,0,0
32.52601200200007,35.519090181000024,None,258,29,0,0,0,0,1
32.55083928300007,34.91706060100006,None,780,24,0,1,1,0,9
32.56325292400004,34.93856165700004,None,796,418,0,4,69,0,17
32.56325292400004,35.02456588300004,None,27,73,0,0,1,0,4
32.55083928300007,35.04606694000006,None,29,109,0,0,0,0,7
32.56325292400004,35.06756799600004,None,205,7,0,0,1,0,0
32.56325292400004,35.15357222200004,None,148,93,0,135,51,0,66
32.55083928300007,35.17507327800007,None,500,12,0,303,67,0,44
32.56325292400004,35.19657433500004,None,277,5,0,1,0,0,3
32.56325292400004,35.23957644800004,None,186,239,0,0,132,0,6
32.55083928300007,35.26107750400007,None,202,193,0,0,101,0,23
32.55083928300007,35.30407961700007,None,163,416,0,1,50,0,72
32.56325292400004,35.32558067300005,None,289,9,0,0,0,0,0
32.55083928300007,35.34708173000007,None,0,0,0,0,0,0,0
32.56325292400004,35.36858278600005,None,666,70,0,0,2,0,7
32.55083928300007,35.39008384300007,None,1240,123,0,1,7,0,14
32.55083928300007,35.433085955000024,None,751,54,0,0,2,0,5
32.56325292400004,35.54059123800005,None,53,75,0,0,40,0,3
32.55083928300007,35.562092294000024,None,99,61,0,0,25,0,4
32.57566656400007,34.96006271400006,None,1370,1189,0,4,699,0,63
32.58808020500004,34.98156377000004,None,40,8,0,0,0,0,2
32.58808020500004,35.06756799600004,None,546,13,0,0,1,0,2
32.58808020500004,35.15357222200004,None,96,119,0,0,64,0,9
32.57566656400007,35.17507327800007,None,246,16,0,0,0,0,3
32.58808020500004,35.41158489900005,None,170,27,0,0,0,0,0
32.57566656400007,35.433085955000024,None,309,38,0,0,2,0,2
32.60049384600006,34.96006271400006,None,869,126,0,606,241,0,105
32.61290748700003,34.98156377000004,None,110,49,0,0,15,0,1
32.60049384600006,35.00306482700006,None,89,56,0,0,12,0,5
32.60049384600006,35.04606694000006,None,386,11,0,0,0,0,2
32.60049384600006,35.08906905300006,None,936,25,0,1,0,0,2
32.61290748700003,35.15357222200004,None,527,14,0,1,1,0,3
32.61290748700003,35.19657433500004,None,311,75,0,0,1,0,10
32.61290748700003,35.28257856100004,None,3530,3595,0,7,514,0,193
32.60049384600006,35.30407961700007,None,829,510,0,1,32,0,16
32.61290748700003,35.32558067300005,None,1460,1477,0,12,291,0,102
32.60049384600006,35.433085955000024,None,187,32,0,96,6,0,2
32.61290748700003,35.54059123800005,None,307,17,0,0,1,0,1
32.60049384600006,35.562092294000024,None,184,14,0,0,0,0,0
32.62532112700006,34.91706060100006,None,257,11,0,1,0,0,3
32.63773476800003,34.93856165700004,None,348,174,0,0,52,0,20
32.63773476800003,34.98156377000004,None,98,59,0,0,22,0,3
32.63773476800003,35.06756799600004,None,14,167,0,0,118,0,7
32.62532112700006,35.08906905300006,None,77,112,0,0,15,0,2
32.63773476800003,35.11057010900004,None,639,6,0,0,0,0,5
32.63773476800003,35.19657433500004,None,110,42,0,0,1,0,2
32.63773476800003,35.28257856100004,None,551,34,0,0,47,0,7
32.62532112700006,35.30407961700007,None,124,50,0,0,2,0,0
32.63773476800003,35.32558067300005,None,1048,2072,0,8,349,0,107
32.62532112700006,35.34708173000007,None,739,423,0,67,153,0,33
32.62532112700006,35.39008384300007,None,319,10,0,69,90,0,19
32.63773476800003,35.41158489900005,None,92,30,0,91,67,0,22
32.63773476800003,35.45458701200005,None,440,0,0,0,0,0,1
32.65014840900005,34.96006271400006,None,180,74,0,1,6,0,9
32.65014840900005,35.08906905300006,None,514,535,0,0,86,0,67
32.662562050000076,35.11057010900004,None,1338,1425,0,6,491,0,197
32.662562050000076,35.19657433500004,None,0,0,0,0,0,0,0
32.662562050000076,35.23957644800004,None,1443,1576,0,1,418,0,72
32.65014840900005,35.30407961700007,None,152,135,0,0,0,0,3
32.65014840900005,35.34708173000007,None,178,21,0,0,1,0,1
32.662562050000076,35.41158489900005,None,451,13,0,0,1,0,6
32.65014840900005,35.433085955000024,None,303,31,0,49,177,0,7
32.662562050000076,35.45458701200005,None,141,33,0,0,0,0,4
32.662562050000076,35.58359335100005,None,598,39,0,0,1,0,7
32.68738933100008,34.93856165700004,None,689,850,0,0,278,0,46
32.67497569000005,34.96006271400006,None,310,11,0,0,1,0,5
32.68738933100008,35.11057010900004,None,157,191,0,1,13,0,6
32.68738933100008,35.15357222200004,None,373,54,0,0,0,0,12
32.68738933100008,35.19657433500004,None,697,162,0,0,10,0,18
32.67497569000005,35.21807539100007,None,1464,50,0,0,1,0,12
32.68738933100008,35.23957644800004,None,1967,2266,0,3,861,0,225
32.67497569000005,35.26107750400007,None,965,616,0,0,116,0,37
32.68738933100008,35.28257856100004,None,1812,412,0,5262,118,0,615
32.68738933100008,35.32558067300005,None,4734,3149,0,2389,349,0,474
32.68738933100008,35.36858278600005,None,530,90,0,964,136,0,370
32.67497569000005,35.39008384300007,None,556,46,0,342,241,0,17
32.68738933100008,35.41158489900005,None,32,39,0,0,2,0,2
32.67497569000005,35.562092294000024,None,267,283,0,0,59,0,19
32.68738933100008,35.58359335100005,None,1777,53,0,0,1,0,16
32.67497569000005,35.605094407000024,None,654,15,0,1,0,0,6
32.69980297200004,34.96006271400006,None,0,0,0,0,0,0,0
32.71221661200008,34.98156377000004,None,104,17,0,0,2,0,1
32.69980297200004,35.00306482700006,None,60,73,0,0,203,0,14
32.69980297200004,35.04606694000006,None,1888,1656,0,148,694,0,502
32.71221661200008,35.06756799600004,None,2000,540,0,212,290,0,124
32.71221661200008,35.11057010900004,None,870,133,0,1,4,0,7
32.69980297200004,35.13207116500007,None,1607,669,0,3,164,0,47
32.71221661200008,35.15357222200004,None,217,233,0,0,35,0,38
32.69980297200004,35.17507327800007,None,986,577,0,1,30,0,50
32.71221661200008,35.19657433500004,None,0,0,0,0,0,0,0
32.69980297200004,35.21807539100007,None,417,77,0,1,3,0,5
32.71221661200008,35.23957644800004,None,392,90,0,0,3,0,8
32.69980297200004,35.26107750400007,None,244,131,0,0,0,0,5
32.71221661200008,35.28257856100004,None,651,82,0,1577,38,0,167
32.69980297200004,35.30407961700007,None,4843,1415,0,8990,423,0,943
32.71221661200008,35.32558067300005,None,6039,2953,0,2012,491,0,509
32.69980297200004,35.433085955000024,None,171,33,0,0,2,0,5
32.71221661200008,35.45458701200005,None,331,87,0,34,15,0,3
32.71221661200008,35.49758912500005,None,332,409,0,1,244,0,13
32.71221661200008,35.54059123800005,None,120,57,0,0,27,0,1
32.71221661200008,35.58359335100005,None,364,15,0,0,0,0,1
32.69980297200004,35.605094407000024,None,190,30,0,0,0,0,1
32.71221661200008,35.62659546400005,None,164,17,0,0,1,0,0
32.72463025300004,34.96006271400006,None,106,126,0,0,34,0,3
32.72463025300004,35.00306482700006,None,91,107,0,0,1,0,0
32.73704389400007,35.06756799600004,None,824,25,0,0,1,0,6
32.72463025300004,35.13207116500007,None,2759,828,0,57,208,0,120
32.73704389400007,35.15357222200004,None,639,180,0,181,381,0,32
32.72463025300004,35.17507327800007,None,100,19,0,0,0,0,2
32.73704389400007,35.19657433500004,None,179,38,0,0,0,0,2
32.72463025300004,35.21807539100007,None,1046,347,0,179,109,0,31
32.73704389400007,35.23957644800004,None,0,0,0,0,0,0,0
32.72463025300004,35.26107750400007,None,304,207,0,479,52,0,44
32.73704389400007,35.32558067300005,None,320,136,0,643,198,0,117
32.72463025300004,35.34708173000007,None,309,128,0,1589,470,0,302
32.72463025300004,35.39008384300007,None,202,8,0,0,0,0,0
32.72463025300004,35.433085955000024,None,266,72,0,47,8,0,3
32.72463025300004,35.47608806900007,None,181,34,0,0,0,0,0
32.73704389400007,35.54059123800005,None,138,332,0,1,60,0,30
32.72463025300004,35.562092294000024,None,577,119,0,0,10,0,6
32.73704389400007,35.62659546400005,None,83,17,0,0,0,0,2
32.72463025300004,35.648096520000024,None,142,32,0,0,0,0,0
32.74945753500003,34.96006271400006,None,1217,1793,0,7,399,0,122
32.76187117500007,34.98156377000004,None,1294,2555,0,4,477,0,183
32.76187117500007,35.02456588300004,None,0,0,0,0,0,0,0
32.74945753500003,35.08906905300006,None,293,311,0,0,905,0,37
32.76187117500007,35.11057010900004,None,390,338,0,247,618,0,65
32.76187117500007,35.15357222200004,None,439,160,0,23,78,0,21
32.74945753500003,35.17507327800007,None,590,124,0,183,151,0,28
32.74945753500003,35.21807539100007,None,104,19,0,0,0,0,0
32.76187117500007,35.23957644800004,None,169,28,0,0,3,0,4
32.74945753500003,35.30407961700007,None,32,31,0,0,74,0,1
32.74945753500003,35.34708173000007,None,457,342,0,1892,164,0,1149
32.76187117500007,35.41158489900005,None,87,95,0,0,3,0,2
32.74945753500003,35.433085955000024,None,13,46,0,0,138,0,2
32.74945753500003,35.519090181000024,None,17,36,0,0,165,0,6
32.76187117500007,35.66959757700005,None,92,21,0,0,0,0,0
32.77428481600003,34.96006271400006,None,250,638,0,0,186,0,39
32.78669845700006,34.98156377000004,None,8892,3657,0,15,713,0,303
32.77428481600003,35.00306482700006,None,11707,4979,0,17,656,0,486
32.78669845700006,35.02456588300004,None,9448,5093,0,30,1343,0,489
32.77428481600003,35.04606694000006,None,3115,2715,0,6,583,0,272
32.78669845700006,35.11057010900004,None,444,27,0,0,1,0,4
32.77428481600003,35.17507327800007,None,210,97,0,8,13,0,3
32.77428481600003,35.21807539100007,None,477,193,0,490,492,0,21
32.78669845700006,35.23957644800004,None,0,0,0,0,0,0,0
32.77428481600003,35.30407961700007,None,147,142,0,2,22,0,11
32.78669845700006,35.32558067300005,None,189,61,0,88,197,0,9
32.77428481600003,35.39008384300007,None,795,165,0,1052,491,0,303
32.77428481600003,35.433085955000024,None,0,0,0,0,0,0,0
32.78669845700006,35.49758912500005,None,164,218,0,0,95,0,3
32.77428481600003,35.519090181000024,None,1322,3648,0,1,1469,0,88
32.78669845700006,35.54059123800005,None,1311,2124,0,1,941,0,95
32.77428481600003,35.648096520000024,None,281,19,0,0,0,0,6
32.77428481600003,35.691098633000024,None,75,23,0,0,0,0,0
32.78669845700006,35.71259968900006,None,103,13,0,0,0,0,0
32.77428481600003,35.734100746000024,None,0,0,0,0,0,0,0
32.79911209800002,34.96006271400006,None,2860,2342,0,8,265,0,198
32.81152573800006,34.98156377000004,None,17912,8580,0,1187,1097,0,1473
32.79911209800002,35.00306482700006,None,12363,8278,0,353,4011,0,1310
32.81152573800006,35.06756799600004,None,3607,1986,0,8,180,0,146
32.79911209800002,35.08906905300006,None,1319,2049,0,5,294,0,95
32.81152573800006,35.11057010900004,None,6744,8343,0,25,2396,0,477
32.79911209800002,35.13207116500007,None,580,392,0,1,39,0,25
32.81152573800006,35.15357222200004,None,0,0,0,0,0,0,0
32.79911209800002,35.17507327800007,None,2515,741,0,3287,445,0,2259
32.81152573800006,35.19657433500004,None,528,99,0,1260,431,0,281
32.79911209800002,35.26107750400007,None,56,97,0,500,230,0,49
32.79911209800002,35.30407961700007,None,40,1,0,100,48,0,17
32.81152573800006,35.36858278600005,None,252,546,0,322,596,0,54
32.79911209800002,35.39008384300007,None,0,0,0,0,0,0,0
32.79911209800002,35.433085955000024,None,65,89,0,0,201,0,4
32.81152573800006,35.45458701200005,None,65,101,0,0,32,0,3
32.81152573800006,35.49758912500005,None,247,60,0,0,7,0,1
32.79911209800002,35.519090181000024,None,2293,3731,0,4,1106,0,160
32.79911209800002,35.691098633000024,None,316,120,0,0,5,0,7
32.81152573800006,35.71259968900006,None,0,0,0,0,0,0,0
32.79911209800002,35.734100746000024,None,61,26,0,0,0,0,4
32.823939379000024,34.96006271400006,None,6243,5087,0,138,458,0,457
32.83635302000005,34.98156377000004,None,4232,2906,0,161,482,0,304
32.823939379000024,35.00306482700006,None,2515,1374,0,916,388,0,492
32.823939379000024,35.04606694000006,None,613,375,0,1,36,0,36
32.83635302000005,35.06756799600004,None,21907,14512,0,35,3004,0,1092
32.823939379000024,35.08906905300006,None,7616,3619,0,12,226,0,225
32.83635302000005,35.11057010900004,None,0,0,0,0,0,0,0
32.823939379000024,35.13207116500007,None,196,352,0,3,47,0,22
32.823939379000024,35.17507327800007,None,173,11,0,282,109,0,58
32.83635302000005,35.19657433500004,None,0,0,0,0,0,0,0
32.823939379000024,35.21807539100007,None,0,0,0,0,0,0,0
32.83635302000005,35.23957644800004,None,154,25,0,464,51,0,50
32.823939379000024,35.26107750400007,None,208,93,0,1331,373,0,189
32.83635302000005,35.28257856100004,None,135,13,0,0,3,0,8
32.823939379000024,35.34708173000007,None,0,0,0,0,0,0,0
32.83635302000005,35.36858278600005,None,0,0,0,0,0,0,0
32.83635302000005,35.41158489900005,None,602,222,0,502,20,0,172
32.83635302000005,35.49758912500005,None,263,294,0,128,210,0,18
32.823939379000024,35.777102859000024,None,8,121,0,0,89,0,8
32.83635302000005,35.79860391500006,None,30,91,0,0,246,0,10
32.86118030100005,35.06756799600004,None,800,960,0,7,158,0,89
32.848766660000024,35.08906905300006,None,9612,8394,0,12,1150,0,573
32.848766660000024,35.13207116500007,None,297,20,0,0,1,0,1
32.86118030100005,35.19657433500004,None,1832,443,0,4682,1272,0,1742
32.86118030100005,35.23957644800004,None,95,19,0,0,0,0,7
32.848766660000024,35.26107750400007,None,104,17,0,0,1,0,0
32.86118030100005,35.28257856100004,None,1421,279,0,2544,183,0,442
32.848766660000024,35.30407961700007,None,0,0,0,0,0,0,0
32.848766660000024,35.34708173000007,None,174,71,0,2658,149,0,1556
32.86118030100005,35.36858278600005,None,336,73,0,1269,106,0,815
32.848766660000024,35.433085955000024,None,0,0,0,0,0,0,0
32.86118030100005,35.49758912500005,None,0,0,0,0,0,0,0
32.848766660000024,35.519090181000024,None,331,33,0,0,2,0,1
32.86118030100005,35.66959757700005,None,172,28,0,0,0,0,2
32.86118030100005,35.75560180200006,None,0,0,0,0,0,0,0
32.88600758300004,35.23957644800004,None,596,68,0,831,141,0,202
32.87359394200007,35.26107750400007,None,642,125,0,0,26,0,26
32.88600758300004,35.28257856100004,None,0,0,0,0,0,0,0
32.87359394200007,35.30407961700007,None,214,42,0,1134,110,0,48
32.88600758300004,35.32558067300005,None,0,0,0,0,0,0,0
32.88600758300004,35.36858278600005,None,117,29,0,117,125,0,25
32.88600758300004,35.41158489900005,None,2018,923,0,928,143,0,343
32.87359394200007,35.433085955000024,None,0,0,0,0,0,0,0
32.88600758300004,35.45458701200005,None,2,28,0,0,24,0,0
32.88600758300004,35.49758912500005,None,186,11,0,0,0,0,1
32.87359394200007,35.691098633000024,None,0,0,0,0,0,0,0
32.91083486400004,35.06756799600004,None,404,13,0,255,23,0,96
32.89842122300007,35.08906905300006,None,958,24,0,0,2,0,6
32.89842122300007,35.17507327800007,None,251,159,0,0,79,0,33
32.91083486400004,35.23957644800004,None,98,37,0,0,0,0,1
32.89842122300007,35.26107750400007,None,91,35,0,0,0,0,1
32.91083486400004,35.28257856100004,None,942,493,0,2,87,0,63
32.89842122300007,35.30407961700007,None,2038,1218,0,5,229,0,146
32.91083486400004,35.32558067300005,None,96,3,0,41,247,0,12
32.91083486400004,35.36858278600005,None,0,0,0,0,0,0,0
32.89842122300007,35.39008384300007,None,15,98,0,0,104,0,2
32.89842122300007,35.47608806900007,None,0,0,0,0,0,0,0
32.89842122300007,35.519090181000024,None,0,0,0,0,0,0,0
32.91083486400004,35.54059123800005,None,210,72,0,0,1,0,4
32.91083486400004,35.58359335100005,None,0,0,0,0,0,0,0
32.89842122300007,35.691098633000024,None,119,21,0,0,0,0,1
32.93566214600003,35.06756799600004,None,4319,4467,0,703,1071,0,672
32.92324850500006,35.08906905300006,None,3488,4370,0,338,935,0,449
32.92324850500006,35.13207116500007,None,634,193,0,472,97,0,899
32.93566214600003,35.15357222200004,None,266,38,0,638,1004,0,221
32.92324850500006,35.17507327800007,None,67,93,0,0,10,0,3
32.93566214600003,35.23957644800004,None,0,0,0,0,0,0,0
32.92324850500006,35.26107750400007,None,2322,672,0,1539,799,0,316
32.93566214600003,35.28257856100004,None,366,105,0,718,351,0,105
32.92324850500006,35.30407961700007,None,5581,3343,0,20,525,0,310
32.93566214600003,35.32558067300005,None,861,128,0,422,174,0,265
32.92324850500006,35.34708173000007,None,45,95,0,0,11,0,3
32.93566214600003,35.36858278600005,None,1074,553,0,786,102,0,209
32.92324850500006,35.39008384300007,None,0,0,0,0,0,0,0
32.93566214600003,35.41158489900005,None,86,117,0,2,51,0,3
32.92324850500006,35.433085955000024,None,169,13,0,0,0,0,0
32.93566214600003,35.45458701200005,None,120,37,0,0,9,0,8
32.93566214600003,35.49758912500005,None,79,3,0,21,24,0,1
32.93566214600003,35.54059123800005,None,281,8,0,0,2,0,1
32.92324850500006,35.605094407000024,None,141,18,0,0,0,0,0
32.93566214600003,35.62659546400005,None,0,0,0,0,0,0,0
32.93566214600003,35.79860391500006,None,0,0,0,0,0,0,0
32.94807578600006,35.08906905300006,None,953,1091,0,7,225,0,44
32.96048942700003,35.11057010900004,None,0,0,0,0,0,0,0
32.96048942700003,35.15357222200004,None,673,274,0,1527,152,0,499
32.94807578600006,35.17507327800007,None,1705,971,0,1164,1265,0,254
32.94807578600006,35.21807539100007,None,977,1139,0,133,705,0,513
32.96048942700003,35.23957644800004,None,0,0,0,0,0,0,0
32.94807578600006,35.26107750400007,None,0,0,0,0,0,0,0
32.94807578600006,35.30407961700007,None,0,0,0,0,0,0,0
32.96048942700003,35.32558067300005,None,0,0,0,0,0,0,0
32.94807578600006,35.34708173000007,None,199,396,0,31,302,0,21
32.94807578600006,35.433085955000024,None,34,82,0,0,18,0,1
32.96048942700003,35.45458701200005,None,20,66,0,0,67,0,1
32.96048942700003,35.49758912500005,None,2682,4311,0,10,2798,0,686
32.94807578600006,35.519090181000024,None,0,0,0,0,0,0,0
32.96048942700003,35.54059123800005,None,551,304,0,4,51,0,15
32.94807578600006,35.562092294000024,None,36,147,0,0,25,0,1
32.96048942700003,35.58359335100005,None,654,57,0,165,138,0,8
32.94807578600006,35.734100746000024,None,0,0,0,0,0,0,0
32.97290306800005,35.08906905300006,None,1285,268,0,142,50,0,28
32.98531670800003,35.11057010900004,None,730,38,0,123,58,0,58
32.97290306800005,35.13207116500007,None,319,27,0,0,3,0,5
32.98531670800003,35.15357222200004,None,351,171,0,89,114,0,74
32.98531670800003,35.19657433500004,None,0,0,0,0,0,0,0
32.98531670800003,35.23957644800004,None,601,593,0,35,410,0,25
32.98531670800003,35.28257856100004,None,0,0,0,0,0,0,0
32.97290306800005,35.30407961700007,None,560,842,0,38,206,0,135
32.98531670800003,35.32558067300005,None,101,46,0,0,49,0,1
32.97290306800005,35.34708173000007,None,454,261,0,312,502,0,108
32.97290306800005,35.39008384300007,None,1361,1480,0,159,209,0,128
32.98531670800003,35.45458701200005,None,20,72,0,0,143,0,5
32.98531670800003,35.49758912500005,None,180,118,0,0,69,0,4
32.97290306800005,35.519090181000024,None,0,0,0,0,0,0,0
32.98531670800003,35.54059123800005,None,919,1831,0,6,1190,0,89
32.97290306800005,35.562092294000024,None,0,0,0,0,0,0,0
32.97290306800005,35.605094407000024,None,345,18,0,1,2,0,2
32.97290306800005,35.820104972000024,None,7,36,0,0,110,0,4
32.99773034900005,35.08906905300006,None,4396,3218,0,9,324,0,227
33.010143990000074,35.11057010900004,None,4042,5378,0,8,892,0,304
32.99773034900005,35.13207116500007,None,295,126,0,0,2,0,6
33.010143990000074,35.15357222200004,None,498,14,0,0,0,0,1
32.99773034900005,35.21807539100007,None,605,4,0,1,1,0,0
33.010143990000074,35.23957644800004,None,77,87,0,0,32,0,3
32.99773034900005,35.26107750400007,None,679,240,0,18,25,0,25
33.010143990000074,35.28257856100004,None,2143,1963,0,250,1005,0,392
32.99773034900005,35.30407961700007,None,19,154,0,0,9,0,3
33.010143990000074,35.32558067300005,None,40,79,0,0,19,0,7
33.010143990000074,35.45458701200005,None,356,34,0,175,34,0,281
32.99773034900005,35.47608806900007,None,0,0,0,0,0,0,0
33.010143990000074,35.49758912500005,None,4,144,0,1,212,0,5
32.99773034900005,35.519090181000024,None,0,0,0,0,0,0,0
32.99773034900005,35.562092294000024,None,286,9,0,0,1,0,2
33.010143990000074,35.58359335100005,None,553,95,0,0,2,0,3
32.99773034900005,35.605094407000024,None,18,126,0,0,15,0,4
33.010143990000074,35.62659546400005,None,230,8,0,0,0,0,5
32.99773034900005,35.691098633000024,None,775,924,0,0,109,0,25
33.02255763100004,35.08906905300006,None,2419,1409,0,4,157,0,89
33.034971271000074,35.11057010900004,None,485,21,0,2,0,0,2
33.02255763100004,35.17507327800007,None,0,0,0,0,0,0,0
33.034971271000074,35.19657433500004,None,0,0,0,0,0,0,0
33.034971271000074,35.23957644800004,None,0,0,0,0,0,0,0
33.02255763100004,35.26107750400007,None,643,152,0,235,103,0,77
33.034971271000074,35.28257856100004,None,0,93,0,0,1,0,1
33.034971271000074,35.32558067300005,None,79,109,0,0,29,0,1
33.02255763100004,35.34708173000007,None,510,461,0,14,680,0,15
33.02255763100004,35.39008384300007,None,239,6,0,0,0,0,1
33.034971271000074,35.41158489900005,None,0,0,0,0,0,0,0
33.02255763100004,35.433085955000024,None,30,87,0,0,126,0,18
33.02255763100004,35.691098633000024,None,0,0,0,0,0,0,0
33.034971271000074,35.84160602800006,None,0,0,0,0,0,0,0
33.059798553000064,35.11057010900004,None,120,76,0,0,3,0,2
33.059798553000064,35.15357222200004,None,490,299,0,1,126,0,24
33.04738491200004,35.17507327800007,None,105,138,0,25,46,0,4
33.059798553000064,35.23957644800004,None,122,147,0,0,31,0,22
33.04738491200004,35.30407961700007,None,260,49,0,102,140,0,483
33.059798553000064,35.32558067300005,None,97,90,0,0,6,0,4
33.04738491200004,35.34708173000007,None,0,0,0,0,0,0,0
33.059798553000064,35.41158489900005,None,49,92,0,0,38,0,5
33.04738491200004,35.433085955000024,None,288,9,0,0,0,0,1
33.04738491200004,35.47608806900007,None,200,160,0,13,161,0,2
33.059798553000064,35.49758912500005,None,1,169,0,1,170,0,16
33.04738491200004,35.562092294000024,None,98,97,0,0,8,0,5
33.04738491200004,35.605094407000024,None,471,260,0,2,17,0,20
33.084625834000065,35.11057010900004,None,323,39,0,0,0,0,5
33.07221219400003,35.13207116500007,None,497,566,0,2,212,0,41
33.084625834000065,35.15357222200004,None,0,0,0,0,0,0,0
33.07221219400003,35.17507327800007,None,44,92,0,0,29,0,3
33.07221219400003,35.21807539100007,None,474,5,0,0,0,0,0
33.084625834000065,35.23957644800004,None,184,65,0,6,78,0,7
33.084625834000065,35.28257856100004,None,36,107,0,0,13,0,13
33.07221219400003,35.30407961700007,None,60,87,0,0,27,0,2
33.084625834000065,35.32558067300005,None,40,62,0,2,5,0,1
33.084625834000065,35.45458701200005,None,198,6,0,0,1,0,2
33.07221219400003,35.519090181000024,None,58,97,0,0,27,0,4
33.084625834000065,35.75560180200006,None,0,0,0,0,0,0,0
33.084625834000065,35.79860391500006,None,94,21,0,0,2,0,0
33.09703947500003,35.17507327800007,None,388,19,0,1,1,0,0
33.109453116000054,35.28257856100004,None,54,78,0,0,5,0,1
33.09703947500003,35.47608806900007,None,24,109,0,0,44,0,17
33.09703947500003,35.519090181000024,None,266,5,0,0,0,0,2
33.09703947500003,35.562092294000024,None,129,73,0,0,17,0,9
33.109453116000054,35.71259968900006,None,0,0,0,0,0,0,0
33.12186675600003,35.562092294000024,None,281,16,0,0,0,0,1
33.12186675600003,35.648096520000024,None,249,16,0,1,1,0,2
33.12186675600003,35.691098633000024,None,0,0,0,0,0,0,0
33.12186675600003,35.777102859000024,None,178,84,0,0,1,0,3
33.159107679000044,35.58359335100005,None,375,58,0,0,2,0,3
33.14669403800008,35.648096520000024,None,272,3,0,1,0,0,1
33.159107679000044,35.66959757700005,None,325,10,0,1,0,0,1
33.183934960000045,35.54059123800005,None,203,2,0,0,0,0,0
33.17152131900008,35.605094407000024,None,384,27,0,0,1,0,1
33.183934960000045,35.62659546400005,None,594,21,0,1,2,0,2
33.183934960000045,35.75560180200006,None,18,16,0,0,0,0,0
33.17152131900008,35.777102859000024,None,134,33,0,0,0,0,1
33.208762242000034,35.54059123800005,None,86,92,0,0,11,0,2
33.19634860100007,35.562092294000024,None,1055,1399,0,6,471,0,81
33.208762242000034,35.58359335100005,None,1162,1912,0,11,601,0,113
33.19634860100007,35.648096520000024,None,370,12,0,0,0,0,0
33.19634860100007,35.777102859000024,None,12,35,0,0,0,0,4
33.233589523000035,35.54059123800005,None,0,0,0,0,0,0,0
33.22117588200007,35.562092294000024,None,729,1377,0,0,501,0,130
33.233589523000035,35.58359335100005,None,0,0,0,0,0,0,0
33.22117588200007,35.605094407000024,None,144,32,0,0,1,0,1
33.233589523000035,35.62659546400005,None,742,51,0,1,0,0,3
33.22117588200007,35.648096520000024,None,101,49,0,0,0,0,2
33.233589523000035,35.66959757700005,None,111,7,0,0,0,0,1
33.233589523000035,35.75560180200006,None,0,0,0,0,0,0,0
33.258416804000035,35.54059123800005,None,143,11,0,0,0,0,1
33.24600316400006,35.562092294000024,None,424,24,0,0,0,0,3
33.24600316400006,35.605094407000024,None,337,74,0,0,13,0,3
33.24600316400006,35.734100746000024,None,0,0,0,0,0,0,0
33.283244086000025,35.58359335100005,None,228,213,0,0,11,0,12
33.283244086000025,35.62659546400005,None,271,215,0,0,0,0,1
33.27083044500006,35.734100746000024,None,0,0,0,0,0,0,0
33.27083044500006,35.777102859000024,None,2,48,0,0,0,0,5
