L,R,C,A,O,S,M,Total,Highest,Lat,Long
166,307,104,1,45,21,2,646,R,29.539399890000027,34.95053524300005
1470,3700,1301,30,546,190,86,7323,R,29.551811118000046,34.92903836500005
1783,4819,1325,48,1171,414,127,9687,R,29.564222346000065,34.95053524300005
94,49,29,1,0,5,2,180,L,29.576633574000027,34.97203212000005
0,0,0,0,0,0,0,0,L,29.713157082000066,34.993528998000045
0,0,0,0,0,0,0,0,L,29.80003567800003,35.01502587500005
78,5,7,7,0,11,4,112,L,29.824858134000067,35.01502587500005
0,0,0,0,0,0,0,0,L,29.91173673000003,34.993528998000045
265,26,32,3,4,11,3,344,L,29.899325502000067,35.05801963000005
0,0,0,0,0,0,0,0,L,29.93655918500008,34.95053524300005
90,15,20,3,4,9,0,141,L,29.94897041300004,35.05801963000005
107,23,13,1,0,25,0,169,L,29.97379286900008,35.05801963000005
47,3,4,0,0,8,2,64,L,29.98620409700004,35.07951650800004
82,22,13,0,6,6,2,131,L,30.04826023700008,35.01502587500005
36,21,14,0,0,3,0,74,L,30.08549392100008,35.12251026300004
119,28,34,0,1,4,2,188,L,30.358540937000043,35.165504018000036
0,0,0,0,0,0,0,0,L,30.482653217000063,35.165504018000036
59,28,34,0,0,3,5,129,L,30.569531813000026,35.18700089500004
454,787,100,22,225,77,14,1679,R,30.594354269000064,34.80005710100005
105,238,35,2,26,41,6,453,R,30.619176725000045,34.80005710100005
164,30,72,2,3,3,3,277,L,30.656410409000046,35.25149152700004
133,63,60,0,7,7,4,274,L,30.768111461000046,35.272988405000035
0,0,0,0,0,0,0,0,L,30.792933917000028,34.67107583600006
0,0,0,0,0,0,0,0,L,30.805345145000047,35.25149152700004
33,27,11,0,2,1,0,74,L,30.805345145000047,35.29448528200004
206,48,43,4,4,7,6,318,L,30.854990057000066,34.778560223000056
185,20,13,1,5,17,4,245,L,30.867401285000028,34.80005710100005
0,0,0,0,0,0,0,0,L,30.879812513000047,34.821553978000054
0,0,0,0,0,0,0,0,L,30.90463496900003,34.39161642800008
42,66,32,0,9,18,7,174,R,30.892223741000066,34.41311330600007
0,0,0,0,0,0,0,0,L,30.90463496900003,34.434610183000075
94,49,36,0,0,3,0,182,L,30.929457425000066,35.380472792000035
34,25,15,0,2,3,2,81,L,30.954279881000048,34.69257271300006
0,0,0,0,0,0,0,0,L,30.954279881000048,35.380472792000035
0,0,0,0,0,0,0,0,L,30.991513565000048,34.75706334600005
227,37,29,0,3,15,4,315,L,31.003924793000067,34.778560223000056
478,1590,188,32,1213,92,50,3643,R,30.991513565000048,34.92903836500005
0,0,0,0,0,0,0,0,L,31.01633602100003,34.714069591000055
0,0,0,0,0,0,0,0,L,31.05356970500003,34.69257271300006
304,50,44,1,4,24,8,435,L,31.041158477000067,34.714069591000055
202,1246,128,10,537,139,62,2324,R,31.05356970500003,35.03652275300004
169,752,78,3,316,52,38,1408,R,31.06598093300005,35.01502587500005
1193,5322,512,26,2220,462,165,9900,R,31.078392161000068,35.03652275300004
115,4,1,321,14,7,26,488,A,31.10321461700005,34.95053524300005
123,7,0,524,7,3,20,684,A,31.09080338900003,34.97203212000005
1,35,1,0,75,0,0,112,O,31.14044830100005,34.327125796000075
0,0,0,0,0,0,0,0,L,31.152859529000068,34.90754148800005
0,0,0,0,0,0,0,0,L,31.152859529000068,35.03652275300004
11,18,9,0,1,0,0,39,R,31.14044830100005,35.35897591500003
0,0,0,0,0,0,0,0,L,31.16527075700003,34.327125796000075
108,32,0,1200,21,12,116,1489,A,31.16527075700003,35.01502587500005
36,65,33,0,3,15,3,155,R,31.19009321300007,34.327125796000075
41,20,15,0,0,4,2,82,L,31.19009321300007,34.37011955100007
196,20,11,0,2,14,1,244,L,31.20250444100003,34.52059769300007
120,178,3,817,21,6,40,1185,A,31.20250444100003,34.821553978000054
196,10,2,589,14,18,30,859,A,31.19009321300007,34.84305085600005
91,7,5,520,61,1,47,732,A,31.19009321300007,34.92903836500005
0,0,0,0,0,0,0,0,L,31.21491566900005,34.28413204100008
58,73,24,0,2,3,2,162,R,31.21491566900005,34.327125796000075
320,31,30,7,7,12,0,407,L,31.22732689700007,34.34862267400007
103,242,33,0,63,8,9,458,R,31.22732689700007,34.434610183000075
130,7,2,3,0,1,2,145,L,31.21491566900005,34.45610706100007
44,49,26,0,6,0,0,125,R,31.22732689700007,34.64957895800006
1896,5291,1759,52,1202,680,167,11047,R,31.22732689700007,34.778560223000056
139,109,18,57,40,2,7,372,L,31.21491566900005,34.886044611000045
0,0,0,0,0,0,0,0,L,31.22732689700007,35.03652275300004
24,81,0,105,27,1,7,245,A,31.22732689700007,35.208497772000044
0,0,0,0,0,0,0,0,L,31.23973812500003,34.28413204100008
86,33,27,0,2,5,3,156,L,31.23973812500003,34.327125796000075
41,46,12,0,3,2,1,105,R,31.25214935300005,34.39161642800008
143,204,39,1,64,10,11,472,R,31.23973812500003,34.41311330600007
414,40,49,0,4,8,9,524,L,31.23973812500003,34.714069591000055
711,1871,442,7,581,83,43,3738,R,31.23973812500003,34.75706334600005
4530,10763,3438,85,3786,1455,306,24363,R,31.25214935300005,34.778560223000056
789,2130,537,29,839,189,74,4587,R,31.23973812500003,34.80005710100005
80,279,51,1,108,74,14,607,R,31.25214935300005,34.821553978000054
850,103,5,2150,99,15,118,3340,A,31.25214935300005,34.86454773300005
47,12,0,147,4,3,25,238,A,31.25214935300005,34.95053524300005
6,1,0,67,1,0,8,83,A,31.25214935300005,35.03652275300004
349,80,3,915,96,67,48,1558,A,31.25214935300005,35.07951650800004
152,10,2,648,20,7,54,893,A,31.23973812500003,35.101013385000044
2012,3713,2006,35,1108,1139,217,10230,R,31.25214935300005,35.208497772000044
103,99,55,0,6,7,5,275,L,31.27697180900003,34.434610183000075
1319,5392,1635,29,1309,575,84,10343,R,31.26456058100007,34.75706334600005
666,2390,753,16,1025,272,48,5170,R,31.27697180900003,34.778560223000056
2553,8570,1840,102,3605,1123,274,18067,R,31.26456058100007,34.80005710100005
1810,1007,800,13,94,45,37,3806,L,31.26456058100007,34.84305085600005
0,0,0,0,0,0,0,0,L,31.26456058100007,34.886044611000045
139,29,0,88,28,1,7,292,L,31.27697180900003,34.90754148800005
0,0,0,0,0,0,0,0,L,31.26456058100007,35.05801963000005
0,0,0,0,0,0,0,0,L,31.27697180900003,35.07951650800004
217,609,352,1,62,105,22,1368,R,31.27697180900003,35.208497772000044
219,4,29,4,0,5,0,261,L,31.30179426500007,34.434610183000075
209,19,20,4,1,7,8,268,L,31.30179426500007,34.52059769300007
104,378,80,2,112,72,11,759,R,31.30179426500007,34.606585203000066
20,145,43,0,29,20,2,259,R,31.28938303700005,34.62808208100006
68,216,54,1,54,2,4,399,R,31.28938303700005,34.80005710100005
223,10,2,877,108,2,27,1249,A,31.28938303700005,34.92903836500005
54,6,0,244,13,0,10,327,A,31.30179426500007,34.95053524300005
0,0,0,0,0,0,0,0,L,31.28938303700005,35.05801963000005
0,0,0,0,0,0,0,0,L,31.30179426500007,35.07951650800004
104,9,1,279,5,6,40,444,A,31.28938303700005,35.101013385000044
233,5,6,4,1,5,1,255,L,31.32661672100005,34.39161642800008
216,8,8,2,1,12,2,249,L,31.31420549300003,34.41311330600007
65,131,5,2,150,1,7,361,O,31.32661672100005,34.56359144800007
81,67,14,0,13,4,9,188,L,31.31420549300003,34.58508832600006
89,141,23,0,56,2,1,312,R,31.32661672100005,34.606585203000066
1037,3291,301,18,3463,437,109,8656,O,31.31420549300003,34.62808208100006
99,214,13,0,69,1,4,400,R,31.32661672100005,34.64957895800006
3,42,2,0,532,0,0,579,O,31.31420549300003,34.67107583600006
30,21,10,2,2,0,1,66,L,31.32661672100005,34.69257271300006
148,7,2,1295,52,6,88,1598,A,31.32661672100005,34.86454773300005
1112,1130,498,3,330,70,55,3198,R,31.32661672100005,34.95053524300005
8,2,0,100,23,2,1,136,A,31.32661672100005,35.03652275300004
137,16,19,1,0,0,2,175,L,31.351439176000042,34.39161642800008
14,183,4,0,155,0,2,358,R,31.339027948000023,34.62808208100006
6,3,1,34,0,0,6,50,A,31.351439176000042,34.73556646800006
0,0,0,0,0,0,0,0,L,31.339027948000023,34.886044611000045
0,0,0,0,0,0,0,0,L,31.351439176000042,34.90754148800005
0,0,0,0,0,0,0,0,L,31.339027948000023,35.101013385000044
111,10,1,0,3,3,2,130,L,31.376261632000023,34.39161642800008
47,65,3,0,20,0,1,136,R,31.36385040400006,34.62808208100006
71,38,14,1,11,6,1,142,L,31.376261632000023,34.64957895800006
279,32,43,1,2,9,2,368,L,31.36385040400006,34.714069591000055
1004,33,3,216,34,18,21,1329,L,31.376261632000023,34.73556646800006
0,0,0,0,0,0,0,0,L,31.36385040400006,34.75706334600005
1029,773,573,6,63,41,18,2503,L,31.376261632000023,34.821553978000054
226,59,16,1,54,13,3,372,L,31.376261632000023,34.86454773300005
27,122,32,0,9,3,3,196,R,31.376261632000023,34.95053524300005
22,92,37,0,14,12,5,182,R,31.36385040400006,35.05801963000005
2,62,0,0,93,1,1,159,O,31.36385040400006,35.101013385000044
165,12,24,1,0,8,1,211,L,31.388672860000042,34.45610706100007
23,165,5,1,105,2,3,304,R,31.388672860000042,34.58508832600006
37,358,4,0,398,3,2,802,O,31.40108408800006,34.606585203000066
62,39,0,0,20,1,1,123,L,31.388672860000042,34.62808208100006
167,8,0,405,13,2,35,630,A,31.40108408800006,34.73556646800006
854,136,17,4190,285,32,473,5987,A,31.388672860000042,34.75706334600005
184,13,18,0,0,8,1,224,L,31.40108408800006,34.821553978000054
12,46,11,0,4,3,4,80,R,31.40108408800006,34.90754148800005
13,80,12,0,7,1,2,115,R,31.388672860000042,35.01502587500005
0,84,0,0,104,0,0,188,O,31.388672860000042,35.101013385000044
472,18,21,1,3,12,5,532,L,31.413495316000024,34.499100816000066
3,42,0,0,54,0,4,103,O,31.425906544000043,34.52059769300007
3,39,0,0,8,0,0,50,R,31.425906544000043,34.56359144800007
606,2154,278,16,2735,551,53,6393,O,31.413495316000024,34.58508832600006
189,962,90,4,1641,158,21,3065,O,31.425906544000043,34.606585203000066
22,87,7,0,40,4,0,160,R,31.425906544000043,34.64957895800006
42,69,5,2,45,0,0,163,R,31.425906544000043,34.69257271300006
330,16,28,85,2,3,11,475,L,31.413495316000024,34.75706334600005
0,43,0,0,62,0,1,106,O,31.425906544000043,35.165504018000036
13,72,3,0,111,6,1,206,O,31.450729000000024,34.52059769300007
14,190,3,0,328,2,0,537,O,31.43831777200006,34.542094571000064
2,57,1,0,110,0,1,171,O,31.450729000000024,34.56359144800007
47,135,16,1,680,15,10,904,O,31.43831777200006,34.58508832600006
3,44,0,0,105,0,1,153,O,31.450729000000024,34.606585203000066
102,176,48,1,29,3,3,362,R,31.450729000000024,34.64957895800006
63,62,10,0,23,1,1,160,L,31.43831777200006,34.67107583600006
23,59,3,1,42,4,0,132,R,31.43831777200006,34.714069591000055
140,9,19,0,1,1,0,170,L,31.43831777200006,34.75706334600005
0,0,0,0,0,0,0,0,L,31.43831777200006,34.886044611000045
1,100,0,0,113,7,0,221,O,31.43831777200006,35.01502587500005
133,13,6,0,0,13,3,168,L,31.463140228000043,34.499100816000066
85,123,3,0,163,16,7,397,O,31.463140228000043,34.542094571000064
23,179,2,0,71,3,0,278,R,31.475551456000062,34.606585203000066
6,67,2,1,45,0,0,121,R,31.463140228000043,34.62808208100006
41,42,19,0,32,2,0,136,R,31.475551456000062,34.64957895800006
58,23,1,1,42,0,1,126,L,31.463140228000043,34.67107583600006
0,39,0,0,54,0,1,94,O,31.475551456000062,35.165504018000036
217,23,33,1,4,11,2,291,L,31.475551456000062,35.380472792000035
278,23,25,1,4,27,7,365,L,31.487962684000024,34.542094571000064
208,24,19,0,1,6,4,262,L,31.500373912000043,34.56359144800007
161,17,27,1,0,8,4,218,L,31.500373912000043,34.606585203000066
79,76,11,0,12,2,0,180,L,31.487962684000024,34.62808208100006
240,21,30,2,1,13,1,308,L,31.500373912000043,34.64957895800006
232,8,18,0,1,5,4,268,L,31.500373912000043,34.69257271300006
0,0,0,0,0,0,0,0,L,31.487962684000024,34.92903836500005
0,0,0,0,0,0,0,0,L,31.487962684000024,34.97203212000005
0,73,0,0,33,0,1,107,R,31.500373912000043,35.07951650800004
400,407,35,2,233,90,21,1188,R,31.512785140000062,34.58508832600006
902,2013,218,15,903,399,67,4517,R,31.525196368000024,34.606585203000066
9,47,6,0,2,3,0,67,R,31.525196368000024,34.90754148800005
21,94,15,0,15,1,1,147,R,31.512785140000062,34.92903836500005
14,1328,57,1,426,47,11,1884,R,31.525196368000024,35.12251026300004
165,19,22,0,0,3,5,214,L,31.550018824000063,34.56359144800007
792,1640,199,9,774,179,57,3650,R,31.537607596000043,34.58508832600006
166,5,11,0,0,8,26,216,L,31.550018824000063,34.606585203000066
226,23,25,1,2,11,1,289,L,31.550018824000063,34.64957895800006
4,134,1,0,69,1,2,211,R,31.550018824000063,34.778560223000056
0,0,0,0,0,0,0,0,L,31.550018824000063,34.90754148800005
0,0,0,0,0,0,0,0,L,31.537607596000043,34.92903836500005
0,153,0,0,48,0,0,201,R,31.537607596000043,35.101013385000044
7,558,11,0,124,6,5,711,R,31.550018824000063,35.12251026300004
142,121,58,0,5,18,5,349,L,31.562430052000025,34.542094571000064
348,47,23,1,11,7,6,443,L,31.574841280000044,34.56359144800007
43,118,4,0,84,0,2,251,R,31.574841280000044,34.64957895800006
9,78,11,1,166,0,5,270,O,31.562430052000025,34.67107583600006
29,122,2,0,40,0,10,203,R,31.574841280000044,34.69257271300006
12,45,3,0,150,1,3,214,O,31.574841280000044,34.73556646800006
9,114,0,1,98,0,1,223,R,31.562430052000025,34.80005710100005
194,33,55,0,4,1,3,290,L,31.562430052000025,34.84305085600005
8,55,12,0,3,0,0,78,R,31.562430052000025,35.01502587500005
2,23,0,0,1,2,2,30,R,31.574841280000044,35.03652275300004
41,18,14,0,0,4,6,83,L,31.562430052000025,35.40196967000003
159,7,18,0,1,4,0,189,L,31.599663736000025,34.52059769300007
114,17,10,0,2,20,3,166,L,31.599663736000025,34.606585203000066
43,80,1,0,47,1,4,176,R,31.599663736000025,34.69257271300006
8,108,3,0,409,0,5,533,O,31.587252508000063,34.75706334600005
592,1381,301,3,638,129,53,3097,R,31.599663736000025,34.778560223000056
99,37,26,1,6,1,1,171,L,31.599663736000025,34.90754148800005
1,20,0,0,53,1,0,75,O,31.587252508000063,35.18700089500004
0,12,0,0,71,1,0,84,O,31.587252508000063,35.22999465000004
210,14,0,530,79,1,1,835,A,31.599663736000025,35.33747903700004
119,27,8,0,1,4,4,163,L,31.612074964000044,34.542094571000064
37,50,15,0,3,1,2,108,R,31.612074964000044,34.58508832600006
162,89,72,0,9,7,3,342,L,31.624486192000063,34.606585203000066
107,313,51,0,105,4,11,591,R,31.624486192000063,34.69257271300006
140,184,33,1,45,3,9,415,R,31.612074964000044,34.714069591000055
2146,8125,1969,29,3494,1142,304,17209,R,31.612074964000044,34.75706334600005
208,732,115,3,310,40,30,1438,R,31.624486192000063,34.778560223000056
80,73,36,0,9,1,1,200,L,31.612074964000044,34.80005710100005
0,35,0,0,66,2,0,103,O,31.624486192000063,34.95053524300005
1,69,0,0,121,0,0,191,O,31.612074964000044,35.101013385000044
1580,7698,1759,50,3094,1412,230,15823,R,31.649308648000044,34.56359144800007
65,222,15,2,45,5,8,362,R,31.649308648000044,34.606585203000066
263,76,76,3,4,8,8,438,L,31.636897420000025,34.67107583600006
18,85,3,0,174,0,2,282,O,31.636897420000025,34.714069591000055
10,121,1,1,272,0,0,405,O,31.649308648000044,34.73556646800006
14,112,5,0,68,0,5,204,R,31.649308648000044,34.778560223000056
173,6,11,1,2,16,1,210,L,31.636897420000025,34.84305085600005
137,0,2,1,0,12,4,156,L,31.649308648000044,34.86454773300005
8,167,1,0,64,8,5,253,R,31.649308648000044,34.993528998000045
31,594,10,1,856,95,18,1605,O,31.649308648000044,35.12251026300004
1,37,1,0,71,5,0,115,O,31.636897420000025,35.14400714000004
10,570,10,1,95,38,4,728,R,31.649308648000044,35.25149152700004
2278,4523,1161,16,1784,518,113,10393,R,31.674131104000026,34.56359144800007
1149,6531,1599,24,2644,1097,163,13207,R,31.661719876000063,34.58508832600006
29,20,10,0,1,1,0,61,L,31.674131104000026,34.606585203000066
19,367,5,0,340,2,8,741,R,31.661719876000063,34.62808208100006
39,157,19,0,42,11,4,272,R,31.674131104000026,34.64957895800006
282,13,23,1,4,4,5,332,L,31.661719876000063,34.67107583600006
81,42,48,0,4,6,6,187,L,31.661719876000063,34.714069591000055
0,3,0,0,125,0,0,128,O,31.674131104000026,34.73556646800006
198,141,67,0,115,2,10,533,L,31.661719876000063,34.75706334600005
98,94,49,2,35,2,1,281,L,31.674131104000026,34.778560223000056
36,69,2,0,102,0,2,211,O,31.661719876000063,34.80005710100005
55,54,21,0,11,1,0,142,L,31.674131104000026,34.95053524300005
1,147,0,0,40,12,2,202,R,31.661719876000063,35.101013385000044
4,44,3,0,67,3,4,125,O,31.674131104000026,35.12251026300004
67,1678,33,1,1225,293,25,3322,R,31.661719876000063,35.14400714000004
0,0,0,0,0,0,0,0,L,31.674131104000026,35.165504018000036
512,874,285,1,254,75,21,2022,R,31.698953560000064,34.56359144800007
937,2751,826,9,601,293,50,5467,R,31.686542332000045,34.58508832600006
0,0,0,0,0,0,0,0,L,31.698953560000064,34.606585203000066
149,86,64,1,8,8,7,323,L,31.686542332000045,34.62808208100006
28,73,3,0,215,8,2,329,O,31.698953560000064,34.69257271300006
54,222,12,0,787,18,18,1111,O,31.686542332000045,34.714069591000055
15,95,10,0,62,1,8,191,R,31.698953560000064,34.73556646800006
2,92,0,0,139,0,4,237,O,31.686542332000045,34.75706334600005
29,33,1,1,90,0,1,155,O,31.686542332000045,34.886044611000045
23,99,1,0,49,2,3,177,R,31.698953560000064,34.90754148800005
153,86,50,3,30,11,9,342,L,31.686542332000045,34.92903836500005
29,240,9,0,66,0,4,348,R,31.698953560000064,34.95053524300005
185,41,17,0,4,13,0,260,L,31.686542332000045,34.97203212000005
7,212,7,0,890,32,5,1153,O,31.698953560000064,34.993528998000045
36,115,16,0,44,4,3,218,R,31.686542332000045,35.01502587500005
0,61,0,0,1183,0,3,1247,O,31.686542332000045,35.101013385000044
4,474,5,0,4425,3,18,4929,O,31.698953560000064,35.12251026300004
1,200,1,0,175,23,3,403,R,31.686542332000045,35.14400714000004
180,13,39,1,1,11,2,247,L,31.711364788000026,34.62808208100006
1047,3051,257,17,1362,112,41,5887,R,31.723776016000045,34.73556646800006
173,50,77,0,1,9,6,316,L,31.711364788000026,34.75706334600005
171,113,61,0,14,7,2,368,L,31.723776016000045,34.778560223000056
6,53,2,0,65,0,3,129,O,31.711364788000026,34.92903836500005
0,0,0,0,0,0,0,0,L,31.711364788000026,34.97203212000005
69,1034,118,1,3388,110,24,4744,O,31.723776016000045,34.993528998000045
67,87,12,3,24,7,4,204,R,31.711364788000026,35.05801963000005
29,119,14,2,21,4,6,195,R,31.723776016000045,35.07951650800004
531,602,282,7,37,30,16,1505,R,31.711364788000026,35.101013385000044
51,85,29,1,6,10,5,187,R,31.723776016000045,35.165504018000036
0,0,0,0,0,0,0,0,L,31.723776016000045,35.208497772000044
0,0,0,0,0,0,0,0,L,31.711364788000026,35.22999465000004
0,0,0,0,0,0,0,0,L,31.736187244000064,34.62808208100006
326,506,115,0,104,16,17,1084,R,31.736187244000064,34.67107583600006
59,284,13,0,50,5,5,416,R,31.748598472000026,34.69257271300006
278,62,71,0,5,6,2,424,L,31.736187244000064,34.714069591000055
747,1476,146,9,798,59,31,3266,R,31.736187244000064,34.75706334600005
212,181,35,3,98,8,5,542,L,31.748598472000026,34.778560223000056
84,97,68,0,6,4,4,263,R,31.736187244000064,34.80005710100005
310,10,15,12,1,7,6,361,L,31.736187244000064,34.84305085600005
2,101,0,1,65,0,3,172,R,31.736187244000064,34.886044611000045
311,1842,339,0,684,311,37,3524,R,31.736187244000064,34.97203212000005
857,4933,778,22,3866,591,103,11150,R,31.748598472000026,34.993528998000045
41,153,11,0,41,3,3,252,R,31.736187244000064,35.05801963000005
1057,3703,699,37,1241,199,76,7012,R,31.748598472000026,35.165504018000036
2018,8746,1615,28,2430,492,196,15525,R,31.736187244000064,35.18700089500004
2952,7942,980,688,2638,538,259,15997,R,31.748598472000026,35.208497772000044
369,676,267,11,170,35,16,1544,R,31.736187244000064,35.22999465000004
361,1408,246,5,351,131,49,2551,R,31.748598472000026,35.25149152700004
31,63,20,0,4,10,0,128,R,31.748598472000026,35.46646030200003
708,1971,583,3,611,73,44,3993,R,31.761009700000045,34.62808208100006
1037,7300,3183,14,1151,995,127,13807,R,31.773420928000064,34.64957895800006
32,278,4,2,125,3,3,447,R,31.761009700000045,34.67107583600006
407,1234,322,3,503,55,36,2560,R,31.773420928000064,34.69257271300006
0,0,0,0,0,0,0,0,L,31.761009700000045,34.714069591000055
0,0,0,0,0,0,0,0,L,31.773420928000064,34.73556646800006
92,101,54,0,17,4,2,270,R,31.761009700000045,34.75706334600005
9,137,3,2,269,2,4,426,O,31.761009700000045,34.80005710100005
173,8,11,0,0,4,4,200,L,31.773420928000064,34.821553978000054
4,80,1,1,103,0,5,194,O,31.761009700000045,34.886044611000045
405,115,40,5,206,20,3,794,L,31.761009700000045,34.97203212000005
10,119,7,0,99,2,3,240,R,31.773420928000064,34.993528998000045
6,76,2,0,58,0,2,144,R,31.773420928000064,35.03652275300004
63,72,38,2,8,7,3,193,R,31.773420928000064,35.07951650800004
246,24,51,1,2,10,4,338,L,31.773420928000064,35.12251026300004
196,518,69,1,109,25,20,938,R,31.761009700000045,35.14400714000004
1296,2579,547,35,5294,258,95,10104,O,31.773420928000064,35.165504018000036
3698,7467,1752,69,6377,445,235,20043,R,31.761009700000045,35.18700089500004
7398,9029,2191,312,6392,1317,351,26990,R,31.773420928000064,35.208497772000044
3169,5214,1020,81,1502,591,172,11749,R,31.761009700000045,35.22999465000004
712,7477,1005,5,1586,490,239,11514,R,31.773420928000064,35.29448528200004
13,164,21,0,11,4,1,214,R,31.761009700000045,35.31598216000003
1307,3486,1245,10,942,184,85,7259,R,31.785832156000026,34.62808208100006
5586,20486,5669,93,10074,1928,506,44342,R,31.798243384000045,34.64957895800006
483,3180,1138,9,5413,436,49,10708,O,31.785832156000026,34.67107583600006
154,317,135,1,41,10,8,666,R,31.798243384000045,34.69257271300006
785,800,330,2,378,25,17,2337,R,31.785832156000026,34.714069591000055
331,196,179,2,7,7,10,732,L,31.798243384000045,34.73556646800006
778,2275,896,10,716,521,69,5265,R,31.785832156000026,34.75706334600005
590,814,403,5,315,26,23,2176,R,31.798243384000045,34.778560223000056
0,2,0,0,167,0,0,169,O,31.785832156000026,34.80005710100005
0,14,0,0,58,0,0,72,O,31.798243384000045,34.821553978000054
0,16,0,0,179,0,0,195,O,31.798243384000045,34.86454773300005
167,96,57,3,5,11,7,346,L,31.798243384000045,34.90754148800005
55,99,19,0,6,16,10,205,R,31.798243384000045,34.95053524300005
5,135,3,1,111,2,2,259,R,31.785832156000026,34.97203212000005
31,148,18,0,121,0,4,322,R,31.785832156000026,35.01502587500005
3,92,2,0,118,10,9,234,O,31.798243384000045,35.03652275300004
90,67,40,0,5,8,2,212,L,31.785832156000026,35.05801963000005
159,127,76,3,12,13,14,404,L,31.798243384000045,35.07951650800004
84,225,33,0,68,18,8,436,R,31.785832156000026,35.101013385000044
502,185,60,629,174,96,31,1677,A,31.798243384000045,35.12251026300004
865,1712,350,13,529,47,46,3562,R,31.785832156000026,35.14400714000004
1503,1726,584,11,588,74,45,4531,R,31.798243384000045,35.165504018000036
3393,4704,1325,38,6411,287,169,16327,O,31.785832156000026,35.18700089500004
225,1890,118,17,17094,35,93,19472,O,31.798243384000045,35.208497772000044
742,2764,265,245,9173,120,137,13446,O,31.785832156000026,35.22999465000004
739,726,268,10,498,68,30,2339,L,31.798243384000045,35.25149152700004
9,202,2,0,276,23,2,514,O,31.798243384000045,35.29448528200004
0,0,0,0,0,0,0,0,L,31.785832156000026,35.31598216000003
28,12,6,0,0,2,1,49,L,31.798243384000045,35.46646030200003
205,756,232,5,268,187,22,1675,R,31.823065840000027,34.64957895800006
280,1147,266,9,2515,150,37,4404,O,31.810654612000064,34.67107583600006
22,76,6,1,330,1,3,439,O,31.823065840000027,34.69257271300006
219,276,94,1,400,12,19,1021,O,31.810654612000064,34.714069591000055
441,291,265,2,81,24,25,1129,L,31.823065840000027,34.73556646800006
109,76,63,0,2,5,0,255,L,31.810654612000064,34.75706334600005
736,1289,266,9,747,47,33,3127,R,31.823065840000027,34.778560223000056
290,116,119,2,9,14,8,558,L,31.810654612000064,34.80005710100005
42,35,31,0,9,0,0,117,L,31.823065840000027,34.821553978000054
0,0,0,0,0,0,0,0,L,31.823065840000027,34.86454773300005
60,16,13,0,2,8,2,101,L,31.823065840000027,34.90754148800005
38,192,21,0,103,1,4,359,R,31.810654612000064,34.92903836500005
207,6,12,0,0,9,1,235,L,31.823065840000027,34.95053524300005
35,124,8,40,75,0,7,289,R,31.810654612000064,34.97203212000005
109,99,26,0,31,2,9,276,L,31.810654612000064,35.01502587500005
211,119,48,544,955,118,21,2016,O,31.810654612000064,35.101013385000044
460,565,289,1,80,41,20,1456,R,31.823065840000027,35.12251026300004
1451,860,525,30,228,62,51,3207,L,31.810654612000064,35.14400714000004
1101,2839,678,12,5681,249,108,10668,O,31.810654612000064,35.18700089500004
358,1538,260,2,2393,135,44,4730,O,31.823065840000027,35.208497772000044
1281,2446,643,40,4637,124,78,9249,O,31.810654612000064,35.22999465000004
1105,6743,1261,17,1946,434,160,11666,R,31.823065840000027,35.25149152700004
10,284,16,0,63,16,7,396,R,31.823065840000027,35.33747903700004
3,236,4,0,253,5,0,501,O,31.810654612000064,35.40196967000003
5,59,8,0,12,5,0,89,R,31.823065840000027,35.42346654700003
5,8,4,1,2,1,2,23,R,31.810654612000064,35.48795718000002
122,89,66,0,10,8,8,303,L,31.835477068000046,34.714069591000055
3,113,2,0,180,0,4,302,O,31.847888296000065,34.73556646800006
315,132,133,2,19,3,1,605,L,31.835477068000046,34.75706334600005
141,190,93,0,21,8,11,464,R,31.835477068000046,34.80005710100005
388,1696,147,12,671,41,36,2991,R,31.847888296000065,34.821553978000054
121,25,25,0,5,1,1,178,L,31.835477068000046,34.886044611000045
441,240,232,1,18,26,7,965,L,31.847888296000065,34.90754148800005
49,133,3,1,74,2,7,269,R,31.835477068000046,34.92903836500005
0,89,2,0,169,1,0,261,O,31.847888296000065,35.03652275300004
118,16,9,1,3,2,6,155,L,31.835477068000046,35.05801963000005
189,1162,241,0,272,44,19,1927,R,31.847888296000065,35.165504018000036
2,105,2,0,1002,2,4,1117,O,31.835477068000046,35.18700089500004
462,4664,686,17,1332,486,88,7735,R,31.835477068000046,35.22999465000004
136,1643,218,14,2404,101,34,4550,O,31.847888296000065,35.25149152700004
42,518,58,0,76,17,10,721,R,31.835477068000046,35.31598216000003
3038,5854,1808,24,2600,423,126,13873,R,31.872710752000046,34.73556646800006
15,102,6,1,280,6,4,414,O,31.860299524000027,34.75706334600005
630,63,76,3,6,23,9,810,L,31.860299524000027,34.80005710100005
2843,5257,1762,23,1603,433,140,12061,R,31.872710752000046,34.821553978000054
1283,1635,678,7,306,136,37,4082,R,31.860299524000027,34.84305085600005
779,375,111,3,59,30,16,1373,L,31.872710752000046,34.86454773300005
56,427,34,0,59,2,8,586,R,31.860299524000027,34.886044611000045
105,133,34,4,48,10,4,338,R,31.872710752000046,34.90754148800005
152,193,71,2,17,9,8,452,R,31.872710752000046,34.95053524300005
5,106,2,0,366,19,3,501,O,31.872710752000046,34.993528998000045
11,239,9,0,87,12,3,361,R,31.872710752000046,35.12251026300004
0,0,0,0,0,0,0,0,L,31.860299524000027,35.14400714000004
193,1272,228,1,300,51,27,2072,R,31.872710752000046,35.165504018000036
98,759,118,1,157,23,6,1162,R,31.860299524000027,35.18700089500004
0,0,0,0,0,0,0,0,L,31.860299524000027,35.22999465000004
36,511,56,0,82,6,6,697,R,31.860299524000027,35.272988405000035
0,0,0,0,0,0,0,0,L,31.897533208000027,34.69257271300006
623,1000,319,4,521,81,19,2567,R,31.885121980000065,34.75706334600005
585,1573,311,16,729,122,46,3382,R,31.897533208000027,34.778560223000056
3686,5328,1999,22,1670,434,135,13274,R,31.885121980000065,34.80005710100005
5383,7420,3735,44,4798,859,207,22446,R,31.897533208000027,34.821553978000054
197,95,68,2,18,10,6,396,L,31.885121980000065,34.84305085600005
93,268,30,2,63,5,5,466,R,31.897533208000027,34.86454773300005
113,686,73,4,187,5,19,1087,R,31.897533208000027,34.90754148800005
120,84,60,0,12,4,2,282,L,31.885121980000065,34.92903836500005
464,747,325,2,341,35,25,1939,R,31.897533208000027,34.993528998000045
1753,1793,1031,3,580,121,53,5334,R,31.885121980000065,35.01502587500005
817,581,518,3,74,53,25,2071,L,31.897533208000027,35.03652275300004
2,351,1,1,867,6,3,1231,O,31.885121980000065,35.22999465000004
0,196,1,0,177,11,1,386,R,31.885121980000065,35.31598216000003
4,26,7,0,0,1,1,39,R,31.897533208000027,35.46646030200003
320,141,142,3,6,9,10,631,L,31.922355664000065,34.778560223000056
757,601,373,5,155,36,27,1954,L,31.909944436000046,34.80005710100005
811,464,248,3,113,33,22,1694,L,31.922355664000065,34.821553978000054
57,202,16,0,38,4,25,342,R,31.909944436000046,34.84305085600005
2039,7518,630,2421,3252,301,205,16366,R,31.922355664000065,34.86454773300005
0,0,0,0,0,0,0,0,L,31.909944436000046,34.886044611000045
51,228,3,1,131,0,5,419,R,31.922355664000065,34.90754148800005
13,134,3,0,194,11,6,361,O,31.922355664000065,34.95053524300005
0,0,0,0,0,0,0,0,L,31.909944436000046,34.97203212000005
281,450,274,3,104,13,27,1152,R,31.922355664000065,34.993528998000045
2210,3023,1789,9,479,194,91,7795,R,31.909944436000046,35.01502587500005
543,526,341,2,3340,46,19,4817,O,31.922355664000065,35.03652275300004
1,144,0,0,160,1,1,307,O,31.922355664000065,35.12251026300004
248,16,22,2,6,3,11,308,L,31.934766892000027,34.714069591000055
62,45,30,0,3,3,0,143,L,31.934766892000027,34.75706334600005
313,115,128,1,4,6,3,570,L,31.947178120000046,34.778560223000056
3579,5479,2022,137,1230,305,211,12963,R,31.934766892000027,34.80005710100005
1729,3860,979,10,1266,143,93,8080,R,31.947178120000046,34.821553978000054
1073,3206,615,43,1305,93,64,6399,R,31.934766892000027,34.84305085600005
1005,3165,594,177,900,189,60,6090,R,31.947178120000046,34.86454773300005
1485,5367,813,541,1619,343,84,10252,R,31.934766892000027,34.886044611000045
957,3215,537,1776,745,326,177,7733,R,31.947178120000046,34.90754148800005
73,13,29,1,3,5,3,127,L,31.934766892000027,34.92903836500005
12,404,7,0,885,98,12,1418,O,31.934766892000027,35.01502587500005
0,29,4,0,1824,0,0,1857,O,31.947178120000046,35.03652275300004
0,29,0,0,2469,1,0,2499,O,31.934766892000027,35.05801963000005
0,0,0,0,0,0,0,0,L,31.947178120000046,35.12251026300004
2,251,0,0,232,4,2,491,R,31.934766892000027,35.14400714000004
7,1133,8,1,784,15,7,1955,R,31.934766892000027,35.22999465000004
9,512,9,0,408,28,3,969,R,31.947178120000046,35.25149152700004
6,36,2,0,5,13,1,63,R,31.947178120000046,35.42346654700003
5755,11074,4955,24,1705,432,234,24179,R,31.972000576000028,34.778560223000056
9869,15352,8329,72,3604,1391,446,39063,R,31.959589348000065,34.80005710100005
2949,7545,3237,26,1405,739,198,16099,R,31.972000576000028,34.821553978000054
9,83,2,1,527,1,2,625,O,31.972000576000028,34.86454773300005
1421,5655,1600,1368,1346,868,156,12414,R,31.959589348000065,34.886044611000045
148,81,78,1,8,2,3,321,L,31.972000576000028,34.90754148800005
267,267,65,1,118,11,28,757,L,31.959589348000065,34.92903836500005
87,148,40,0,23,2,9,309,R,31.972000576000028,34.95053524300005
27,147,46,0,9,2,4,235,R,31.959589348000065,35.05801963000005
0,0,0,0,0,0,0,0,L,31.959589348000065,35.272988405000035
0,263,0,0,182,12,1,458,R,31.959589348000065,35.35897591500003
16,4,2,0,0,2,0,24,L,31.959589348000065,35.444963425000026
679,2088,690,6,432,106,42,4043,R,31.996823032000066,34.73556646800006
968,1691,722,3,191,58,40,3673,R,31.984411804000047,34.75706334600005
2690,5073,2083,14,1060,206,107,11233,R,31.996823032000066,34.778560223000056
2531,5000,1848,28,1395,429,124,11355,R,31.984411804000047,34.80005710100005
416,1282,277,4,495,29,23,2526,R,31.996823032000066,34.821553978000054
3,1304,0,1,184,52,3,1547,R,31.984411804000047,34.84305085600005
11,109,8,1,117,5,5,256,O,31.996823032000066,34.86454773300005
112,363,20,3,237,0,4,739,R,31.984411804000047,34.886044611000045
103,317,54,0,145,10,7,636,R,31.984411804000047,34.92903836500005
1571,1884,1243,2,662,72,49,5483,R,31.996823032000066,34.95053524300005
3,278,5,0,190,5,5,486,R,31.996823032000066,35.12251026300004
0,42,0,0,42,0,0,84,R,31.984411804000047,35.14400714000004
0,65,2,0,55,0,0,122,R,31.996823032000066,35.165504018000036
18,19,13,0,1,1,1,53,R,31.984411804000047,35.444963425000026
3675,11348,3293,54,2988,911,239,22508,R,32.02164548800005,34.73556646800006
7752,19378,6546,86,6591,1884,457,42694,R,32.00923426000003,34.75706334600005
9602,17346,6328,57,5137,876,394,39740,R,32.02164548800005,34.778560223000056
3463,8128,2843,24,2359,426,195,17438,R,32.00923426000003,34.80005710100005
1637,2537,1108,10,581,215,70,6158,R,32.02164548800005,34.821553978000054
12,82,17,0,176,6,5,298,O,32.00923426000003,34.84305085600005
2135,5349,1180,19,2327,105,115,11230,R,32.02164548800005,34.86454773300005
167,77,38,0,7,5,2,296,L,32.02164548800005,34.90754148800005
7,165,4,0,172,1,1,350,O,32.00923426000003,34.92903836500005
4,163,0,0,334,0,0,501,O,32.02164548800005,34.95053524300005
43,229,34,0,31,5,5,347,R,32.02164548800005,35.03652275300004
65,85,34,0,5,3,3,195,R,32.00923426000003,35.444963425000026
377,100,54,330,43,19,50,973,L,32.04646794400003,34.73556646800006
6708,17570,4665,2098,6855,1303,496,39695,R,32.034056716000066,34.75706334600005
1240,5454,610,36,3775,220,135,11470,R,32.04646794400003,34.778560223000056
457,1047,325,5,308,38,13,2193,R,32.034056716000066,34.80005710100005
2325,4780,1411,26,2194,269,113,11118,R,32.04646794400003,34.821553978000054
1299,2106,469,9,725,55,35,4698,R,32.034056716000066,34.84305085600005
2696,2489,1626,18,528,162,73,7592,L,32.04646794400003,34.86454773300005
3012,5329,1939,13,1279,383,103,12058,R,32.034056716000066,34.886044611000045
156,204,85,0,141,16,10,612,R,32.04646794400003,34.90754148800005
145,392,57,1,98,26,11,730,R,32.034056716000066,34.92903836500005
20,515,6,1,5783,4,36,6365,O,32.04646794400003,34.95053524300005
95,882,182,0,37,21,11,1228,R,32.034056716000066,35.05801963000005
1,366,1,0,298,3,0,669,R,32.04646794400003,35.29448528200004
0,0,0,0,0,0,0,0,L,32.04646794400003,35.33747903700004
38,74,13,0,2,4,2,133,R,32.034056716000066,35.444963425000026
2002,1971,531,729,707,340,195,6475,L,32.05887917200005,34.75706334600005
17021,9591,6210,542,3057,1708,673,38802,L,32.071290400000066,34.778560223000056
6445,15149,3806,85,6528,811,431,33255,R,32.05887917200005,34.80005710100005
15743,18170,8929,126,7413,1135,646,52162,R,32.071290400000066,34.821553978000054
5480,6575,3171,32,3071,325,194,18848,R,32.05887917200005,34.84305085600005
2649,3150,1499,18,1994,118,102,9530,R,32.071290400000066,34.86454773300005
1268,1711,726,7,566,54,34,4366,R,32.05887917200005,34.886044611000045
1420,6614,1473,16,5396,459,163,15541,R,32.071290400000066,34.90754148800005
161,133,127,0,8,11,3,443,L,32.05887917200005,34.92903836500005
136,16,29,0,1,10,1,193,L,32.071290400000066,34.95053524300005
0,0,0,0,0,0,0,0,L,32.05887917200005,34.97203212000005
0,0,0,0,0,0,0,0,L,32.071290400000066,34.993528998000045
0,151,0,0,186,0,1,338,O,32.05887917200005,35.05801963000005
0,135,0,0,48,3,0,186,R,32.05887917200005,35.22999465000004
6,24,10,0,1,2,3,46,R,32.071290400000066,35.46646030200003
222,161,89,4,23,16,12,527,L,32.08370162800003,34.75706334600005
17119,9903,7067,290,2271,1138,572,38360,L,32.09611285600005,34.778560223000056
11270,9439,5871,96,2028,523,402,29629,L,32.08370162800003,34.80005710100005
6030,9784,3559,81,9736,649,295,30134,R,32.09611285600005,34.821553978000054
3116,6991,1895,44,35383,429,256,48114,O,32.08370162800003,34.84305085600005
2145,3741,1592,27,891,225,124,8745,R,32.09611285600005,34.86454773300005
8951,17617,6665,66,7802,1491,480,43072,R,32.08370162800003,34.886044611000045
1346,3813,756,11,2781,233,80,9020,R,32.09611285600005,34.90754148800005
487,167,183,1,19,29,11,897,L,32.08370162800003,34.92903836500005
966,4960,445,17,3310,80,55,9833,R,32.09611285600005,34.95053524300005
1434,1673,1027,4,189,110,43,4480,R,32.08370162800003,34.97203212000005
7,141,16,0,14,8,0,186,R,32.08370162800003,35.05801963000005
0,0,0,0,0,0,0,0,L,32.08370162800003,35.101013385000044
51,765,93,0,72,49,8,1038,R,32.09611285600005,35.165504018000036
15,289,66,0,15,24,8,417,R,32.09611285600005,35.208497772000044
0,0,0,0,0,0,0,0,L,32.09611285600005,35.25149152700004
2,360,16,0,370,25,2,775,O,32.08370162800003,35.272988405000035
1,34,3,0,0,0,0,38,R,32.09611285600005,35.33747903700004
52,359,84,2,45,27,20,589,R,32.08370162800003,35.40196967000003
442,319,218,4,46,19,11,1059,L,32.12093531200003,34.778560223000056
8541,4282,3336,83,671,250,213,17376,L,32.10852408400007,34.80005710100005
5961,3593,2819,47,515,237,161,13333,L,32.12093531200003,34.821553978000054
1902,3197,1252,21,4468,280,103,11223,O,32.10852408400007,34.84305085600005
749,1063,321,12,503,34,24,2706,R,32.12093531200003,34.86454773300005
973,2256,900,2,774,166,53,5124,R,32.10852408400007,34.886044611000045
2294,796,523,4306,215,110,257,8501,A,32.10852408400007,34.97203212000005
217,673,280,1,115,24,23,1333,R,32.12093531200003,34.993528998000045
144,2016,212,1,1452,61,34,3920,R,32.12093531200003,35.03652275300004
27,499,51,1,9,21,2,610,R,32.10852408400007,35.101013385000044
2,207,0,0,164,2,0,375,R,32.12093531200003,35.12251026300004
184,4867,580,7,328,203,51,6220,R,32.10852408400007,35.18700089500004
0,167,0,0,39,2,1,209,R,32.12093531200003,35.25149152700004
10,32,9,0,0,0,1,52,R,32.10852408400007,35.40196967000003
6,56,14,0,0,5,3,84,R,32.10852408400007,35.48795718000002
3727,2218,1966,20,235,110,111,8387,L,32.13334654000005,34.80005710100005
1517,890,838,7,68,50,36,3406,L,32.14575776800007,34.821553978000054
7256,4173,3104,33,1001,419,152,16138,L,32.13334654000005,34.84305085600005
74,168,19,1,118,3,5,388,R,32.14575776800007,34.86454773300005
1190,813,700,3,113,32,37,2888,L,32.13334654000005,34.886044611000045
1626,1832,924,11,586,138,69,5186,R,32.14575776800007,34.90754148800005
211,105,133,0,7,11,7,474,L,32.13334654000005,34.92903836500005
837,5,3,1999,5,3,10,2862,A,32.14575776800007,34.95053524300005
247,23,14,602,1,4,4,895,A,32.13334654000005,34.97203212000005
205,110,126,1,7,7,4,460,L,32.14575776800007,34.993528998000045
209,615,229,0,60,16,16,1145,R,32.13334654000005,35.01502587500005
4,270,4,1,140,6,3,428,R,32.14575776800007,35.12251026300004
416,363,229,3,34,96,31,1172,L,32.15816899600003,34.80005710100005
2843,2616,1677,16,367,191,119,7829,L,32.17058022400005,34.821553978000054
7914,7966,4512,48,1811,522,309,23082,R,32.15816899600003,34.84305085600005
4632,5585,2986,27,2195,482,200,16107,R,32.17058022400005,34.86454773300005
4486,3512,2640,23,599,380,150,11790,L,32.15816899600003,34.886044611000045
9955,8938,5709,64,2130,763,333,27892,L,32.17058022400005,34.90754148800005
482,1079,310,11,327,40,57,2306,R,32.15816899600003,34.92903836500005
182,413,118,2,61,10,7,793,R,32.17058022400005,34.95053524300005
464,581,308,2,84,26,15,1480,R,32.15816899600003,34.97203212000005
73,243,68,0,6,14,6,410,R,32.15816899600003,35.01502587500005
40,1380,87,0,505,78,13,2103,R,32.17058022400005,35.07951650800004
3,157,9,0,20,4,0,193,R,32.15816899600003,35.101013385000044
5,198,0,0,735,0,1,939,O,32.15816899600003,35.14400714000004
0,135,1,0,13,0,2,151,R,32.15816899600003,35.22999465000004
19,30,12,0,2,7,1,71,R,32.17058022400005,35.42346654700003
287,278,165,0,29,20,9,788,L,32.18299145200007,34.80005710100005
1580,871,707,12,126,77,55,3428,L,32.19540268000003,34.821553978000054
3712,3384,2431,27,735,280,206,10775,L,32.18299145200007,34.84305085600005
3623,3977,2393,18,1604,334,143,12092,R,32.19540268000003,34.86454773300005
5168,4700,3107,31,1756,484,208,15454,L,32.18299145200007,34.886044611000045
1156,1596,498,9,646,73,31,4009,R,32.19540268000003,34.90754148800005
2439,3793,1576,17,1085,358,123,9391,R,32.18299145200007,34.92903836500005
162,26,12,1,2,7,5,215,L,32.19540268000003,34.95053524300005
278,1485,406,0,109,45,37,2360,R,32.18299145200007,35.01502587500005
17,541,23,0,378,16,7,982,R,32.18299145200007,35.101013385000044
0,83,0,0,78,1,0,162,R,32.18299145200007,35.31598216000003
776,38,32,6,2,26,5,885,L,32.22022513600007,34.821553978000054
274,278,122,2,69,12,17,774,R,32.22022513600007,34.86454773300005
235,396,97,1,95,11,40,875,R,32.20781390800005,34.886044611000045
249,91,99,4,4,11,10,468,L,32.22022513600007,34.90754148800005
292,30,31,6,2,11,8,380,L,32.22022513600007,34.95053524300005
136,22,15,0,4,3,1,181,L,32.20781390800005,34.97203212000005
1306,1591,836,6,461,157,62,4419,R,32.22022513600007,34.993528998000045
19,199,30,0,94,8,4,354,R,32.20781390800005,35.01502587500005
3,768,9,0,602,18,2,1402,R,32.22022513600007,35.165504018000036
17,46,9,0,2,0,0,74,R,32.20781390800005,35.444963425000026
110,28,30,0,0,7,2,177,L,32.24504759200005,34.86454773300005
458,317,277,4,86,27,10,1179,L,32.24504759200005,34.90754148800005
134,60,50,0,3,7,7,261,L,32.23263636400003,34.92903836500005
730,29,9,5965,102,40,213,7088,A,32.24504759200005,34.95053524300005
0,0,0,0,0,0,0,0,L,32.24504759200005,34.993528998000045
14,81,28,0,7,4,1,135,R,32.23263636400003,35.01502587500005
85,65,77,0,1,2,2,232,L,32.23263636400003,35.05801963000005
2,308,3,0,163,0,2,478,R,32.24504759200005,35.33747903700004
720,255,183,0,35,25,17,1235,L,32.25745882000007,34.84305085600005
141,68,77,1,3,8,5,303,L,32.26987004800003,34.86454773300005
893,592,471,7,98,45,34,2140,L,32.25745882000007,34.886044611000045
1337,2001,958,8,783,142,68,5297,R,32.26987004800003,34.90754148800005
1440,1077,479,7,342,61,37,3443,L,32.25745882000007,34.92903836500005
5,149,8,1,225,2,4,394,O,32.26987004800003,34.95053524300005
7,156,4,0,88,1,6,262,R,32.25745882000007,34.97203212000005
1445,77,12,8832,434,61,491,11352,A,32.25745882000007,35.01502587500005
3,168,1,0,84,5,3,264,R,32.25745882000007,35.18700089500004
9,62,11,0,10,0,0,92,R,32.25745882000007,35.48795718000002
0,0,0,0,0,0,0,0,L,32.25745882000007,35.53095093400003
2724,6242,2593,19,1518,581,146,13823,R,32.28228127600005,34.84305085600005
490,2183,451,12,810,139,91,4176,R,32.29469250400007,34.86454773300005
877,981,422,2,336,58,28,2704,R,32.28228127600005,34.886044611000045
1346,1982,783,6,918,116,55,5206,R,32.29469250400007,34.90754148800005
562,553,364,2,186,31,32,1730,L,32.28228127600005,34.92903836500005
178,307,64,0,99,11,6,665,R,32.29469250400007,34.95053524300005
752,220,21,3515,132,11,313,4964,A,32.28228127600005,34.97203212000005
80,265,65,0,68,1,2,481,R,32.29469250400007,34.993528998000045
1,131,0,0,150,0,2,284,O,32.29469250400007,35.07951650800004
0,119,3,0,99,2,1,224,R,32.29469250400007,35.12251026300004
564,1581,447,4,393,158,34,3181,R,32.30710373200003,34.84305085600005
3435,9581,2810,24,4662,802,201,21515,R,32.31951496000005,34.86454773300005
453,1780,329,11,1059,164,37,3833,R,32.30710373200003,34.886044611000045
658,804,489,0,86,21,23,2081,R,32.31951496000005,34.90754148800005
827,1878,598,11,576,99,48,4037,R,32.30710373200003,34.92903836500005
54,204,51,0,66,9,4,388,R,32.31951496000005,34.95053524300005
115,122,11,0,46,6,0,300,R,32.30710373200003,34.97203212000005
110,118,61,0,6,3,3,301,R,32.31951496000005,34.993528998000045
104,158,52,0,19,10,6,349,R,32.30710373200003,35.01502587500005
0,0,0,0,0,0,0,0,L,32.31951496000005,35.50945405700003
1013,3152,874,14,809,439,66,6367,R,32.33192618800007,34.84305085600005
3488,9616,2707,20,4734,916,227,21708,R,32.34433741600003,34.86454773300005
636,680,296,3,248,25,30,1918,R,32.33192618800007,34.886044611000045
879,187,283,0,17,53,23,1442,L,32.34433741600003,34.90754148800005
105,225,96,1,60,7,1,495,R,32.33192618800007,34.92903836500005
177,79,69,2,4,6,10,347,L,32.34433741600003,34.95053524300005
293,254,165,0,32,30,4,778,L,32.33192618800007,34.97203212000005
138,54,43,0,5,9,3,252,L,32.34433741600003,34.993528998000045
647,695,444,8,81,57,53,1985,R,32.33192618800007,35.01502587500005
0,0,0,0,0,0,0,0,L,32.34433741600003,35.50945405700003
47,140,18,0,36,4,3,248,R,32.35674864400005,34.84305085600005
550,220,184,1,50,23,31,1059,L,32.36915987200007,34.86454773300005
42,12,25,0,1,0,1,81,L,32.35674864400005,34.886044611000045
435,144,43,1,80,22,14,739,L,32.36915987200007,34.90754148800005
472,79,78,3,8,15,9,664,L,32.35674864400005,34.92903836500005
96,43,39,0,5,0,6,189,L,32.36915987200007,34.993528998000045
118,55,18,1,6,17,4,219,L,32.35674864400005,35.01502587500005
250,13,3,1301,46,2,47,1662,A,32.36915987200007,35.03652275300004
1,66,2,0,86,3,3,161,O,32.36915987200007,35.50945405700003
2,39,1,0,138,3,2,185,O,32.35674864400005,35.53095093400003
429,91,120,2,7,16,14,679,L,32.39398232800005,34.86454773300005
490,85,170,5,7,26,14,797,L,32.38157110000003,34.886044611000045
247,407,99,1,370,19,16,1159,R,32.39398232800005,34.90754148800005
1025,83,115,3,10,44,15,1295,L,32.38157110000003,34.92903836500005
249,8,31,1,1,0,11,301,L,32.38157110000003,34.97203212000005
156,263,87,1,28,8,4,547,R,32.39398232800005,34.993528998000045
554,88,47,1193,2,12,180,2076,A,32.39398232800005,35.03652275300004
286,129,144,1,12,24,16,612,L,32.41880478400003,34.86454773300005
538,181,38,0,152,15,11,935,L,32.40639355600007,34.92903836500005
976,3399,1004,9,597,394,68,6447,R,32.41880478400003,34.95053524300005
143,11,14,0,1,6,1,176,L,32.40639355600007,35.01502587500005
1359,25,4,3470,25,6,441,5330,A,32.41880478400003,35.03652275300004
0,0,0,0,0,0,0,0,L,32.40639355600007,35.05801963000005
7,55,12,0,3,1,0,78,R,32.41880478400003,35.12251026300004
5,78,10,0,3,0,2,98,R,32.41880478400003,35.165504018000036
469,2782,246,7,1016,146,123,4789,R,32.43121601200005,34.886044611000045
2616,6067,1529,28,2053,435,140,12868,R,32.44362724000007,34.90754148800005
3522,6287,2294,26,1379,562,165,14235,R,32.43121601200005,34.92903836500005
524,15,8,1,0,20,7,575,L,32.44362724000007,34.95053524300005
74,144,32,0,35,3,10,298,R,32.43121601200005,35.01502587500005
320,17,12,230,7,2,50,638,L,32.44362724000007,35.03652275300004
10,35,0,0,63,6,3,117,O,32.44362724000007,35.42346654700003
1,82,1,0,22,1,0,107,R,32.44362724000007,35.46646030200003
3,171,2,2,26,2,0,206,R,32.43121601200005,35.48795718000002
51,197,4,0,196,13,6,467,R,32.44362724000007,35.50945405700003
52,107,5,0,183,14,5,366,O,32.43121601200005,35.53095093400003
602,2555,513,23,712,259,58,4722,R,32.46844969600005,34.95053524300005
589,693,247,4,192,41,17,1783,R,32.45603846800003,34.97203212000005
1823,2246,753,18,538,231,75,5684,R,32.46844969600005,34.993528998000045
626,31,38,2,0,26,11,734,L,32.45603846800003,35.01502587500005
405,347,136,9,94,45,16,1052,L,32.46844969600005,35.03652275300004
91,7,0,158,12,0,16,284,A,32.45603846800003,35.05801963000005
10,18,12,0,1,1,5,47,R,32.46844969600005,35.12251026300004
32,182,36,0,18,2,2,272,R,32.46844969600005,35.165504018000036
22,44,4,0,36,3,4,113,R,32.46844969600005,35.42346654700003
38,84,6,0,166,6,4,304,O,32.46844969600005,35.50945405700003
174,22,33,1,1,8,0,239,L,32.46844969600005,35.552447812000025
296,24,33,0,7,26,2,388,L,32.48086092400007,34.886044611000045
211,613,121,3,188,36,18,1190,R,32.48086092400007,34.97203212000005
304,186,107,2,42,20,12,673,L,32.49327215200003,34.993528998000045
112,110,40,2,168,6,5,443,O,32.48086092400007,35.01502587500005
136,16,2,624,16,0,67,861,A,32.49327215200003,35.03652275300004
91,3,3,1120,14,5,120,1356,A,32.49327215200003,35.07951650800004
434,188,108,467,76,27,192,1492,A,32.48086092400007,35.101013385000044
0,0,0,0,0,0,0,0,L,32.49327215200003,35.12251026300004
4,110,7,0,66,71,3,261,R,32.48086092400007,35.18700089500004
261,28,19,1,3,13,1,326,L,32.49327215200003,35.46646030200003
396,901,59,1,721,80,26,2184,R,32.48086092400007,35.48795718000002
207,837,57,3,401,37,16,1558,R,32.49327215200003,35.50945405700003
98,15,21,0,1,8,0,143,L,32.48086092400007,35.53095093400003
251,36,25,1,1,8,1,323,L,32.49327215200003,35.552447812000025
105,1132,58,3,482,82,10,1872,R,32.51809460800007,34.90754148800005
317,2613,395,5,1046,367,43,4786,R,32.50568338000005,34.92903836500005
1275,1621,761,10,314,198,98,4277,R,32.51809460800007,34.95053524300005
150,28,36,1,1,4,7,227,L,32.50568338000005,35.01502587500005
128,10,10,1,3,2,1,155,L,32.51809460800007,35.03652275300004
759,78,27,3014,76,7,213,4174,A,32.50568338000005,35.05801963000005
484,41,7,2172,11,5,564,3284,A,32.50568338000005,35.101013385000044
424,39,19,2693,96,16,6556,9843,M,32.50568338000005,35.14400714000004
101,4,0,638,15,4,1042,1804,M,32.51809460800007,35.165504018000036
184,57,70,0,5,3,4,323,L,32.51809460800007,35.25149152700004
56,182,15,780,15,6,17,1071,A,32.51809460800007,35.29448528200004
259,422,139,2,38,23,10,893,R,32.51809460800007,35.33747903700004
535,27,49,1,0,33,4,649,L,32.51809460800007,35.42346654700003
364,4,23,1,2,15,1,410,L,32.50568338000005,35.444963425000026
403,1773,118,5,1441,68,37,3845,R,32.50568338000005,35.48795718000002
136,26,33,0,0,5,0,200,L,32.51809460800007,35.50945405700003
238,13,2,1232,208,3,120,1816,A,32.54291706400005,34.90754148800005
265,288,135,2,102,32,5,829,R,32.53050583600003,34.92903836500005
32,125,28,0,13,7,4,209,R,32.54291706400005,34.993528998000045
15,158,20,0,2,9,2,206,R,32.54291706400005,35.03652275300004
251,10,2,582,4,8,544,1401,A,32.53050583600003,35.101013385000044
49,0,0,256,11,0,497,813,M,32.53050583600003,35.14400714000004
81,0,4,629,1,0,223,938,A,32.54291706400005,35.165504018000036
25,3,0,283,0,0,97,408,A,32.54291706400005,35.208497772000044
56,60,8,0,17,7,0,148,R,32.54291706400005,35.25149152700004
23,140,2,0,20,0,0,185,R,32.54291706400005,35.29448528200004
2,0,0,202,2,0,16,222,A,32.53050583600003,35.31598216000003
0,0,0,0,0,0,0,0,L,32.53050583600003,35.35897591500003
106,23,26,0,1,7,1,164,L,32.53050583600003,35.48795718000002
655,42,54,4,3,53,3,814,L,32.55532829200007,34.92903836500005
2489,2301,1217,12,1183,159,92,7453,L,32.56773952000003,34.95053524300005
55,94,23,0,4,8,7,191,R,32.55532829200007,35.01502587500005
175,10,23,0,1,10,6,225,L,32.56773952000003,35.07951650800004
362,53,18,1082,16,13,528,2072,A,32.55532829200007,35.18700089500004
38,185,38,0,57,11,1,330,R,32.55532829200007,35.22999465000004
61,247,13,0,44,3,1,369,R,32.56773952000003,35.25149152700004
107,164,26,1,109,5,4,416,R,32.55532829200007,35.272988405000035
289,364,31,0,28,11,3,726,R,32.55532829200007,35.31598216000003
219,128,48,0,15,11,5,426,L,32.55532829200007,35.35897591500003
589,57,24,1,6,29,37,743,L,32.56773952000003,35.380472792000035
523,82,66,0,11,25,11,718,L,32.55532829200007,35.40196967000003
471,62,56,1,2,17,2,611,L,32.55532829200007,35.444963425000026
11,77,2,0,89,1,1,181,O,32.56773952000003,35.552447812000025
40,85,2,0,44,1,3,175,R,32.55532829200007,35.57394468900003
534,26,4,1618,23,15,371,2591,A,32.59256197600007,34.95053524300005
17,10,11,0,1,2,2,43,L,32.58015074800005,34.97203212000005
434,7,17,0,2,22,5,487,L,32.59256197600007,35.07951650800004
20,120,9,0,105,8,2,264,R,32.59256197600007,35.165504018000036
130,21,32,3,1,6,4,197,L,32.58015074800005,35.18700089500004
194,1251,266,10,289,335,44,2389,R,32.59256197600007,35.29448528200004
127,32,43,0,3,3,1,209,L,32.59256197600007,35.42346654700003
235,45,61,1,0,10,6,358,L,32.58015074800005,35.444963425000026
135,9,25,0,0,7,2,178,L,32.59256197600007,35.552447812000025
190,22,16,0,2,12,7,249,L,32.60497320400003,34.92903836500005
122,58,71,1,7,7,4,270,L,32.61738443200005,34.95053524300005
63,64,20,0,12,5,5,169,R,32.61738443200005,34.993528998000045
60,60,33,0,12,6,1,172,L,32.60497320400003,35.01502587500005
270,10,20,2,0,17,6,325,L,32.60497320400003,35.05801963000005
26,177,17,0,52,5,23,300,R,32.61738443200005,35.07951650800004
672,34,57,1,5,19,9,797,L,32.60497320400003,35.101013385000044
518,8,26,0,1,13,4,570,L,32.60497320400003,35.14400714000004
190,67,63,0,3,14,3,340,L,32.61738443200005,35.208497772000044
551,1986,417,3,490,122,36,3605,R,32.60497320400003,35.272988405000035
929,2153,557,2,454,122,64,4281,R,32.61738443200005,35.29448528200004
473,116,67,2,15,13,9,695,L,32.60497320400003,35.31598216000003
374,1705,358,52,272,333,40,3134,R,32.61738443200005,35.33747903700004
152,2,0,272,25,60,17,528,A,32.61738443200005,35.380472792000035
273,19,0,166,0,12,5,475,L,32.60497320400003,35.444963425000026
218,29,21,0,1,7,5,281,L,32.61738443200005,35.552447812000025
96,21,26,0,1,3,5,152,L,32.62979566000007,34.92903836500005
68,174,24,0,58,4,1,329,R,32.64220688800003,34.95053524300005
108,51,33,1,13,11,2,219,L,32.64220688800003,34.993528998000045
10,98,3,1,205,4,5,326,O,32.62979566000007,35.05801963000005
630,1377,662,2,143,150,40,3004,R,32.64220688800003,35.07951650800004
494,28,24,4,2,18,8,578,L,32.64220688800003,35.12251026300004
478,107,77,1,54,21,8,746,L,32.64220688800003,35.29448528200004
656,2427,252,16,649,223,68,4291,R,32.62979566000007,35.31598216000003
225,387,104,3,86,21,5,831,R,32.64220688800003,35.33747903700004
409,4,1,110,4,0,4,532,L,32.62979566000007,35.35897591500003
13,7,1,195,0,1,20,237,A,32.62979566000007,35.40196967000003
187,1,1,216,56,3,30,494,A,32.64220688800003,35.42346654700003
373,10,20,1,0,7,1,412,L,32.62979566000007,35.444963425000026
369,130,49,1,12,12,7,580,L,32.66702934400007,34.95053524300005
683,2459,524,3,676,620,50,5015,R,32.65461811600005,35.101013385000044
308,91,134,0,31,15,10,589,L,32.66702934400007,35.12251026300004
68,49,18,0,4,8,1,148,L,32.65461811600005,35.18700089500004
518,64,54,1,1,15,8,661,L,32.66702934400007,35.208497772000044
345,22,34,2,1,21,3,428,L,32.65461811600005,35.22999465000004
771,1782,425,10,622,126,42,3778,R,32.66702934400007,35.25149152700004
104,111,43,0,8,2,2,270,R,32.66702934400007,35.29448528200004
100,16,18,0,4,26,2,166,L,32.65461811600005,35.35897591500003
340,25,43,0,1,19,4,432,L,32.66702934400007,35.42346654700003
62,27,36,0,6,2,3,136,L,32.65461811600005,35.444963425000026
88,326,32,0,128,14,29,617,R,32.66702934400007,35.552447812000025
216,42,34,0,10,11,3,316,L,32.65461811600005,35.57394468900003
161,19,27,0,7,13,2,229,L,32.66702934400007,35.59544156700008
132,312,67,0,144,14,3,672,R,32.67944057200003,34.92903836500005
354,639,232,6,303,92,25,1651,R,32.69185180000005,34.95053524300005
40,56,3,13,125,1,1,239,O,32.69185180000005,34.993528998000045
691,244,37,70,184,57,11,1294,L,32.69185180000005,35.03652275300004
138,109,117,1,9,16,11,401,L,32.69185180000005,35.12251026300004
274,53,56,0,5,16,5,409,L,32.67944057200003,35.14400714000004
873,989,491,2,97,55,26,2533,R,32.69185180000005,35.165504018000036
0,0,0,0,0,0,0,0,L,32.67944057200003,35.18700089500004
216,120,61,1,2,5,13,418,L,32.69185180000005,35.208497772000044
1057,3652,796,18,1265,481,67,7336,R,32.67944057200003,35.22999465000004
189,661,183,4,179,51,9,1276,R,32.69185180000005,35.25149152700004
2066,298,14,17347,193,29,324,20271,A,32.69185180000005,35.29448528200004
641,1250,184,2286,60,195,85,4701,A,32.67944057200003,35.31598216000003
253,31,1,2178,92,1,143,2699,A,32.69185180000005,35.380472792000035
218,29,2,621,136,11,75,1092,A,32.67944057200003,35.40196967000003
251,178,119,1,18,16,13,596,L,32.69185180000005,35.42346654700003
873,48,93,1,6,61,14,1096,L,32.67944057200003,35.57394468900003
409,28,63,0,3,12,8,523,L,32.69185180000005,35.59544156700008
114,19,24,0,4,10,3,174,L,32.70426302800007,34.97203212000005
1816,685,87,198,494,237,48,3565,L,32.70426302800007,35.05801963000005
64,172,21,1,9,5,3,275,R,32.70426302800007,35.101013385000044
2327,1238,818,22,149,144,68,4766,L,32.71667425600003,35.12251026300004
34,62,4,0,128,5,5,238,O,32.70426302800007,35.14400714000004
150,138,48,1,27,9,5,378,L,32.71667425600003,35.165504018000036
200,80,68,180,2,6,6,542,L,32.70426302800007,35.18700089500004
490,124,195,2,15,9,11,846,L,32.70426302800007,35.22999465000004
610,158,236,941,131,16,21,2113,A,32.71667425600003,35.25149152700004
434,67,40,1523,43,13,30,2150,A,32.70426302800007,35.272988405000035
416,41,2,3159,17,6,96,3737,A,32.71667425600003,35.29448528200004
3081,8138,1920,4075,643,1062,281,19200,R,32.70426302800007,35.31598216000003
415,2148,567,114,75,318,47,3684,R,32.71667425600003,35.33747903700004
124,62,34,0,6,11,4,241,L,32.71667425600003,35.46646030200003
130,447,176,2,424,23,17,1219,R,32.71667425600003,35.50945405700003
378,128,91,1,27,20,13,658,L,32.71667425600003,35.552447812000025
477,45,70,1,6,23,6,628,L,32.70426302800007,35.57394468900003
111,29,14,0,1,11,1,167,L,32.71667425600003,35.59544156700008
92,19,24,0,3,6,1,145,L,32.70426302800007,35.61693844400003
238,15,28,0,4,9,6,300,L,32.74149671200007,34.95053524300005
83,163,36,0,66,9,5,362,R,32.72908548400005,34.97203212000005
66,24,24,0,2,8,2,126,L,32.72908548400005,35.01502587500005
1497,499,139,680,260,109,31,3215,L,32.72908548400005,35.05801963000005
638,91,79,1,51,24,9,893,L,32.74149671200007,35.07951650800004
343,6,22,0,0,19,3,393,L,32.72908548400005,35.101013385000044
1205,520,337,426,84,60,47,2679,L,32.72908548400005,35.14400714000004
405,93,25,415,179,22,41,1180,A,32.74149671200007,35.165504018000036
172,72,49,0,0,12,7,312,L,32.72908548400005,35.18700089500004
493,90,7,441,105,87,23,1246,L,32.72908548400005,35.22999465000004
347,115,139,0,1,7,15,624,L,32.74149671200007,35.25149152700004
572,96,1,3055,33,61,121,3939,A,32.72908548400005,35.31598216000003
572,464,120,6399,127,131,227,8040,A,32.74149671200007,35.33747903700004
477,64,1,2715,58,2,170,3487,A,32.72908548400005,35.35897591500003
133,13,22,1,1,5,3,178,L,32.72908548400005,35.40196967000003
5,86,9,0,112,0,3,215,O,32.74149671200007,35.42346654700003
421,47,7,168,14,6,4,667,L,32.72908548400005,35.444963425000026
9,67,2,1,163,3,3,248,O,32.74149671200007,35.50945405700003
82,71,42,0,13,2,2,212,L,32.74149671200007,35.552447812000025
110,97,39,1,10,6,6,269,L,32.72908548400005,35.57394468900003
49,15,15,1,3,0,3,86,L,32.72908548400005,35.61693844400003
103,23,24,0,0,9,3,162,L,32.72908548400005,35.659932199000025
14,17,10,0,3,2,4,50,R,32.76631916700006,34.95053524300005
1025,5470,464,19,1565,273,128,8944,R,32.753907939000044,34.97203212000005
3609,2394,1995,18,300,228,80,8624,L,32.76631916700006,34.993528998000045
698,515,378,8,133,44,14,1790,L,32.753907939000044,35.01502587500005
1845,4979,1977,26,801,590,111,10329,R,32.76631916700006,35.03652275300004
162,590,172,2,2525,41,9,3501,O,32.753907939000044,35.101013385000044
50,10,0,429,12,26,30,557,A,32.76631916700006,35.12251026300004
451,215,257,1,9,18,13,964,L,32.753907939000044,35.14400714000004
167,49,6,181,3,6,5,417,A,32.76631916700006,35.165504018000036
159,133,6,336,144,74,64,916,A,32.753907939000044,35.18700089500004
378,108,125,5,6,13,8,643,L,32.753907939000044,35.22999465000004
32,185,4,0,207,15,5,448,O,32.76631916700006,35.29448528200004
303,30,0,3148,85,1,62,3629,A,32.76631916700006,35.380472792000035
55,108,46,1,10,10,7,237,R,32.753907939000044,35.40196967000003
58,730,47,4,575,47,11,1472,R,32.76631916700006,35.50945405700003
46,235,32,1,73,7,9,403,R,32.753907939000044,35.53095093400003
61,25,17,1,0,6,5,115,L,32.753907939000044,35.659932199000025
0,0,0,0,0,0,0,0,L,32.76631916700006,35.72442283200007
930,801,504,3,126,63,18,2445,L,32.778730395000025,34.97203212000005
7581,5996,4047,66,1196,706,192,19784,L,32.791141623000044,34.993528998000045
5263,5741,3198,35,1612,739,185,16773,R,32.778730395000025,35.01502587500005
32,190,18,0,142,9,0,391,R,32.791141623000044,35.07951650800004
591,75,71,1,3,30,11,782,L,32.791141623000044,35.12251026300004
252,246,197,1,19,8,8,731,L,32.791141623000044,35.165504018000036
478,193,4,750,98,42,165,1730,A,32.778730395000025,35.22999465000004
181,15,1,430,97,3,113,840,A,32.791141623000044,35.25149152700004
109,66,6,299,157,5,8,650,A,32.778730395000025,35.31598216000003
70,3,0,378,47,3,4,505,A,32.791141623000044,35.33747903700004
17,74,2,1,102,7,4,207,O,32.791141623000044,35.380472792000035
235,354,157,1,339,18,7,1111,R,32.778730395000025,35.444963425000026
501,1704,208,9,1039,78,43,3582,R,32.791141623000044,35.50945405700003
313,1669,260,5,871,118,56,3292,R,32.778730395000025,35.53095093400003
223,33,18,2,9,6,1,292,L,32.791141623000044,35.63843532200008
197,229,157,0,23,45,17,668,R,32.791141623000044,35.681429077000075
92,72,74,0,10,9,6,263,L,32.778730395000025,35.70292595400008
1073,3553,873,87,517,511,51,6665,R,32.815964079000025,34.95053524300005
6007,4734,2792,708,543,472,207,15463,L,32.80355285100006,34.97203212000005
5165,6684,2219,4307,2260,1400,290,22325,R,32.815964079000025,34.993528998000045
2408,5947,1857,663,2219,952,174,14220,R,32.80355285100006,35.01502587500005
3328,4056,1998,13,595,378,142,10510,R,32.815964079000025,35.07951650800004
2244,7361,1561,23,2830,421,157,14597,R,32.80355285100006,35.101013385000044
783,3855,831,22,949,483,105,7028,R,32.815964079000025,35.12251026300004
464,801,316,4,73,29,27,1714,R,32.80355285100006,35.14400714000004
2078,981,94,8145,204,60,266,11828,A,32.815964079000025,35.165504018000036
7,5,0,58,2,0,18,90,A,32.80355285100006,35.22999465000004
691,45,2,1907,561,2,266,3474,A,32.815964079000025,35.25149152700004
570,22,1,1471,99,4,140,2307,A,32.80355285100006,35.35897591500003
17,134,0,2,62,1,1,217,R,32.815964079000025,35.46646030200003
66,35,21,0,31,2,4,159,L,32.80355285100006,35.48795718000002
1015,4812,809,18,2423,197,138,9412,R,32.80355285100006,35.53095093400003
40,8,10,0,2,5,2,67,L,32.815964079000025,35.72442283200007
21,40,40,0,6,5,1,113,R,32.80355285100006,35.74591970900008
6,65,0,0,78,3,1,153,O,32.815964079000025,35.76741658700007
4075,6259,2250,993,815,857,146,15395,R,32.828375307000044,34.97203212000005
4566,6725,2852,32,1372,780,191,16518,R,32.828375307000044,35.05801963000005
5714,11849,4448,40,2600,1378,309,26338,R,32.84078653500006,35.07951650800004
1977,2384,1383,7,236,175,68,6230,R,32.828375307000044,35.101013385000044
230,11,23,3,4,7,8,286,L,32.84078653500006,35.12251026300004
511,97,2,2890,270,1,332,4103,A,32.828375307000044,35.18700089500004
1003,116,58,8729,361,8,851,11126,A,32.84078653500006,35.208497772000044
3,85,0,0,242,1,1,332,O,32.828375307000044,35.22999465000004
302,110,117,1274,5,6,19,1833,A,32.84078653500006,35.25149152700004
119,12,16,0,6,13,5,171,L,32.828375307000044,35.272988405000035
75,2,0,939,4,1,130,1151,A,32.84078653500006,35.33747903700004
58,19,25,0,3,3,3,111,L,32.828375307000044,35.35897591500003
56,20,17,0,1,9,11,114,L,32.84078653500006,35.380472792000035
337,55,2,1583,26,0,20,2023,A,32.828375307000044,35.40196967000003
91,41,24,0,5,5,1,167,L,32.84078653500006,35.42346654700003
144,5,0,297,25,1,3,475,A,32.828375307000044,35.48795718000002
57,332,22,4,167,3,8,593,R,32.84078653500006,35.50945405700003
1,59,1,0,188,2,2,253,O,32.828375307000044,35.788913464000075
4,71,12,0,172,6,3,268,O,32.84078653500006,35.81041034200007
1091,3753,972,15,652,505,101,7089,R,32.853197763000026,35.05801963000005
476,2126,722,10,231,281,40,3886,R,32.865608991000045,35.07951650800004
1528,3723,1222,11,665,491,102,7742,R,32.853197763000026,35.101013385000044
48,37,0,3297,41,1,248,3672,A,32.865608991000045,35.208497772000044
169,28,51,1,3,2,2,256,L,32.853197763000026,35.22999465000004
247,48,77,1,11,12,8,404,L,32.865608991000045,35.25149152700004
142,57,67,1,3,5,4,279,L,32.853197763000026,35.272988405000035
815,100,22,4826,69,6,979,6817,A,32.865608991000045,35.29448528200004
239,29,11,2130,68,8,338,2823,A,32.853197763000026,35.31598216000003
346,32,7,3863,21,3,395,4667,A,32.865608991000045,35.33747903700004
391,62,2,2643,18,0,102,3218,A,32.853197763000026,35.35897591500003
2,37,0,0,54,0,1,94,O,32.865608991000045,35.42346654700003
33,67,30,0,12,3,2,147,R,32.865608991000045,35.50945405700003
204,37,30,0,8,15,5,299,L,32.853197763000026,35.53095093400003
143,59,53,0,4,16,11,286,L,32.853197763000026,35.659932199000025
0,0,0,0,0,0,0,0,L,32.853197763000026,35.74591970900008
0,88,0,0,299,2,1,390,O,32.853197763000026,35.788913464000075
139,9,18,0,2,2,0,170,L,32.890431447000026,35.165504018000036
195,17,46,5,2,10,9,284,L,32.878020219000064,35.22999465000004
277,120,117,2053,60,10,122,2759,A,32.890431447000026,35.25149152700004
348,47,94,3,5,10,15,522,L,32.878020219000064,35.272988405000035
411,492,280,2,72,30,15,1302,R,32.890431447000026,35.29448528200004
0,0,0,0,0,0,0,0,L,32.878020219000064,35.31598216000003
83,20,18,0,1,1,10,133,L,32.890431447000026,35.33747903700004
83,17,15,1,3,5,6,130,L,32.878020219000064,35.35897591500003
0,0,0,0,0,0,0,0,L,32.890431447000026,35.42346654700003
1,38,0,0,52,0,0,91,O,32.878020219000064,35.444963425000026
0,0,0,0,0,0,0,0,L,32.890431447000026,35.46646030200003
106,16,15,1,2,6,2,148,L,32.878020219000064,35.48795718000002
68,32,43,0,7,6,2,158,L,32.890431447000026,35.50945405700003
69,27,40,0,3,4,4,147,L,32.890431447000026,35.681429077000075
21,45,22,0,4,5,2,99,R,32.878020219000064,35.70292595400008
248,800,71,1099,305,51,50,2624,A,32.915253903000064,35.07951650800004
741,25,38,1,5,24,7,841,L,32.902842675000045,35.101013385000044
12,167,5,0,148,3,3,338,R,32.915253903000064,35.165504018000036
165,88,115,0,2,1,1,372,L,32.902842675000045,35.22999465000004
454,87,3,4144,105,2,222,5017,A,32.915253903000064,35.25149152700004
691,2001,921,17,237,342,52,4261,R,32.902842675000045,35.272988405000035
2961,7098,2824,51,1017,1194,196,15341,R,32.915253903000064,35.29448528200004
9,51,0,74,17,0,2,153,A,32.902842675000045,35.31598216000003
214,96,58,103,151,6,91,719,L,32.915253903000064,35.33747903700004
102,37,1,386,88,2,70,686,A,32.902842675000045,35.35897591500003
34,8,0,37,2,0,4,85,A,32.915253903000064,35.380472792000035
1451,743,35,2225,450,49,160,5113,A,32.902842675000045,35.40196967000003
50,43,13,0,36,3,1,146,L,32.915253903000064,35.42346654700003
91,64,34,0,5,10,1,205,L,32.915253903000064,35.552447812000025
25,51,10,1,25,12,2,126,R,32.902842675000045,35.57394468900003
101,16,27,0,0,8,3,155,L,32.915253903000064,35.59544156700008
311,462,90,1525,121,49,55,2613,A,32.927665131000026,35.05801963000005
1375,5202,760,1492,1683,990,213,11715,R,32.940076359000045,35.07951650800004
415,2985,397,87,781,356,55,5076,R,32.927665131000026,35.101013385000044
469,34,4,4994,15,7,92,5615,A,32.927665131000026,35.14400714000004
290,39,3,2318,14,5,125,2794,A,32.940076359000045,35.165504018000036
102,166,102,0,10,12,6,398,R,32.927665131000026,35.18700089500004
0,0,0,0,0,0,0,0,L,32.927665131000026,35.22999465000004
84,14,18,5,0,3,1,125,L,32.940076359000045,35.25149152700004
869,362,106,3853,322,113,688,6313,A,32.927665131000026,35.272988405000035
0,0,0,0,0,0,0,0,L,32.940076359000045,35.29448528200004
211,13,0,2503,51,1,95,2874,A,32.927665131000026,35.31598216000003
405,252,72,174,129,79,6,1117,L,32.940076359000045,35.33747903700004
460,483,6,1773,204,25,25,2976,A,32.927665131000026,35.35897591500003
0,0,0,0,0,0,0,0,L,32.927665131000026,35.40196967000003
224,61,47,7,24,23,11,397,L,32.927665131000026,35.444963425000026
197,18,30,0,2,15,3,265,L,32.927665131000026,35.53095093400003
30,115,3,0,73,2,3,226,R,32.940076359000045,35.552447812000025
105,73,46,0,14,5,4,247,L,32.927665131000026,35.61693844400003
30,77,24,0,7,4,5,147,R,32.940076359000045,35.63843532200008
6,45,1,0,77,2,4,135,O,32.927665131000026,35.788913464000075
16,2,0,2,5,0,2,27,L,32.964898815000026,35.07951650800004
455,27,50,2,8,14,1,557,L,32.952487587000064,35.101013385000044
0,0,0,0,0,0,0,0,L,32.964898815000026,35.12251026300004
1068,394,43,3615,408,6,42,5576,A,32.964898815000026,35.165504018000036
1286,720,13,37,138,8,4,2206,L,32.952487587000064,35.18700089500004
1437,649,99,664,1064,85,10,4008,L,32.964898815000026,35.208497772000044
51,80,27,0,10,7,0,175,R,32.964898815000026,35.25149152700004
1011,472,16,232,250,7,0,1988,L,32.964898815000026,35.29448528200004
74,28,32,0,0,5,5,144,L,32.952487587000064,35.31598216000003
728,344,8,853,385,13,8,2339,A,32.964898815000026,35.33747903700004
1522,1654,58,441,207,1,11,3894,R,32.964898815000026,35.380472792000035
51,155,0,15,18,3,1,243,R,32.952487587000064,35.40196967000003
21,83,2,1,19,6,3,135,R,32.952487587000064,35.444963425000026
5,72,8,0,55,1,0,141,R,32.964898815000026,35.46646030200003
421,1698,244,52,1936,413,70,4834,O,32.952487587000064,35.48795718000002
347,2454,335,6,753,284,60,4239,R,32.964898815000026,35.50945405700003
43,59,40,0,12,21,1,176,R,32.952487587000064,35.53095093400003
520,323,161,8,72,64,24,1172,L,32.964898815000026,35.552447812000025
895,29,31,593,19,13,19,1599,L,32.964898815000026,35.59544156700008
43,57,33,1,7,3,7,151,R,32.952487587000064,35.74591970900008
323,572,203,10,81,38,15,1242,R,32.989721271000064,35.07951650800004
502,52,43,1019,101,30,21,1768,A,32.977310043000045,35.101013385000044
94,91,21,0,18,3,6,233,L,32.989721271000064,35.12251026300004
211,19,19,2,2,43,4,300,L,32.977310043000045,35.14400714000004
11,174,0,0,74,6,8,273,R,32.989721271000064,35.165504018000036
57,5,0,11,1,10,1,85,L,32.989721271000064,35.208497772000044
372,171,35,9,44,0,1,632,L,32.977310043000045,35.22999465000004
549,146,117,53,238,2,3,1108,L,32.989721271000064,35.25149152700004
30,179,23,0,37,3,4,276,R,32.989721271000064,35.29448528200004
20,45,4,1,72,2,1,145,O,32.977310043000045,35.31598216000003
3,74,2,0,164,1,1,245,O,32.977310043000045,35.444963425000026
211,698,88,3,1041,59,12,2112,O,32.977310043000045,35.48795718000002
52,142,12,1,127,0,7,341,R,32.989721271000064,35.50945405700003
198,717,75,3,433,49,11,1486,R,32.977310043000045,35.53095093400003
318,1114,105,4,983,46,28,2598,R,32.989721271000064,35.552447812000025
163,12,24,1,0,13,5,218,L,32.977310043000045,35.57394468900003
416,1374,511,5,290,176,39,2811,R,32.989721271000064,35.681429077000075
0,51,0,0,162,0,1,214,O,32.989721271000064,35.81041034200007
106,168,88,3,19,23,8,415,R,33.014543727000046,35.07951650800004
3847,8467,2906,61,2019,758,212,18270,R,33.00213249900003,35.101013385000044
251,300,156,0,39,20,4,770,R,33.014543727000046,35.12251026300004
178,8,0,470,29,1,14,700,A,33.00213249900003,35.14400714000004
204,13,18,4,1,23,1,264,L,33.014543727000046,35.208497772000044
286,101,26,4,51,23,1,492,L,33.00213249900003,35.22999465000004
58,135,14,1,31,11,1,251,R,33.014543727000046,35.25149152700004
1510,883,711,400,196,102,49,3851,L,33.00213249900003,35.272988405000035
912,2576,680,27,860,435,102,5592,R,33.014543727000046,35.29448528200004
31,93,3,0,28,2,1,158,R,33.00213249900003,35.31598216000003
903,566,12,101,351,3,15,1951,L,33.014543727000046,35.33747903700004
0,0,0,0,0,0,0,0,L,33.014543727000046,35.42346654700003
38,186,6,1,241,11,4,487,O,33.00213249900003,35.444963425000026
0,0,0,0,0,0,0,0,L,33.014543727000046,35.46646030200003
60,16,10,0,2,8,1,97,L,33.00213249900003,35.53095093400003
17,110,8,0,26,4,5,170,R,33.014543727000046,35.59544156700008
1314,2436,850,19,557,262,53,5491,R,33.026954955000065,35.101013385000044
186,34,39,1,1,6,5,272,L,33.03936618300003,35.12251026300004
435,23,36,0,3,15,2,514,L,33.026954955000065,35.14400714000004
43,37,25,0,1,0,1,107,L,33.026954955000065,35.18700089500004
40,64,9,0,15,8,2,138,R,33.03936618300003,35.208497772000044
476,40,22,983,64,11,15,1611,A,33.03936618300003,35.25149152700004
385,681,269,1113,171,97,36,2752,A,33.026954955000065,35.272988405000035
43,8,9,4,2,6,2,74,L,33.03936618300003,35.29448528200004
56,75,0,0,36,1,0,168,R,33.03936618300003,35.33747903700004
210,16,20,1,3,9,2,261,L,33.026954955000065,35.40196967000003
388,88,1,542,25,3,11,1058,A,33.026954955000065,35.444963425000026
19,121,11,0,57,1,0,209,R,33.03936618300003,35.46646030200003
14,174,2,0,176,0,2,368,O,33.026954955000065,35.48795718000002
339,50,54,2,106,24,8,583,L,33.026954955000065,35.57394468900003
170,6,27,0,0,9,3,215,L,33.026954955000065,35.61693844400003
42,39,31,0,1,3,4,120,L,33.026954955000065,35.70292595400008
0,0,0,0,0,0,0,0,L,33.051777411000046,35.101013385000044
148,195,83,1,16,8,5,456,R,33.064188639000065,35.12251026300004
210,19,28,0,5,8,5,275,L,33.064188639000065,35.165504018000036
37,102,7,27,80,7,1,261,R,33.051777411000046,35.18700089500004
309,12,20,0,0,9,5,355,L,33.064188639000065,35.208497772000044
49,104,4,1,57,0,0,215,R,33.051777411000046,35.22999465000004
6,36,14,0,9,0,0,65,R,33.064188639000065,35.25149152700004
61,73,1,0,21,1,1,158,R,33.064188639000065,35.29448528200004
253,107,0,672,57,0,10,1099,A,33.051777411000046,35.31598216000003
26,14,10,1,7,12,2,72,L,33.051777411000046,35.35897591500003
12,116,5,0,51,0,8,192,R,33.051777411000046,35.40196967000003
243,15,20,1,1,5,4,289,L,33.064188639000065,35.42346654700003
270,234,9,28,208,4,8,761,L,33.051777411000046,35.48795718000002
74,128,28,1,19,7,4,261,R,33.051777411000046,35.57394468900003
411,266,99,0,36,9,22,843,L,33.051777411000046,35.61693844400003
1,29,0,0,47,0,1,78,O,33.051777411000046,35.83190721900007
251,51,33,1,0,8,6,350,L,33.07659986700003,35.101013385000044
371,1229,248,7,419,311,20,2605,R,33.07659986700003,35.14400714000004
252,11,33,0,6,15,4,321,L,33.089011095000046,35.165504018000036
37,96,6,3,88,5,2,237,R,33.07659986700003,35.18700089500004
67,10,16,1,2,3,0,99,L,33.089011095000046,35.208497772000044
195,17,5,78,72,2,3,372,L,33.07659986700003,35.22999465000004
44,80,5,1,36,3,0,169,R,33.07659986700003,35.272988405000035
30,57,3,0,17,1,1,109,R,33.089011095000046,35.29448528200004
52,130,8,1,48,1,2,242,R,33.07659986700003,35.31598216000003
161,11,10,1,0,19,1,203,L,33.07659986700003,35.444963425000026
2,93,0,0,88,2,0,185,R,33.089011095000046,35.46646030200003
164,143,31,0,35,4,3,380,L,33.089011095000046,35.50945405700003
48,33,16,0,1,11,2,111,L,33.089011095000046,35.76741658700007
77,94,32,0,26,10,7,246,R,33.11383355100003,35.552447812000025
17,68,18,1,6,6,3,119,R,33.11383355100003,35.72442283200007
39,24,24,1,0,10,1,99,L,33.101422323000065,35.788913464000075
213,27,21,1,1,11,3,277,L,33.138656007000066,35.552447812000025
206,20,17,0,1,5,4,253,L,33.138656007000066,35.63843532200008
134,19,30,1,0,12,1,197,L,33.12624477900005,35.659932199000025
0,0,0,0,0,0,0,0,L,33.138656007000066,35.681429077000075
96,34,56,0,0,8,4,198,L,33.138656007000066,35.76741658700007
257,35,16,0,7,18,3,336,L,33.16347846300005,35.59544156700008
105,12,15,0,0,12,0,144,L,33.18830091900003,35.552447812000025
708,93,84,6,2,36,9,938,L,33.175889691000066,35.61693844400003
273,17,33,0,2,18,2,345,L,33.175889691000066,35.659932199000025
75,36,31,1,1,3,4,151,L,33.18830091900003,35.76741658700007
59,67,2,0,19,4,2,153,R,33.213123375000066,35.552447812000025
779,2767,350,9,1155,273,73,5406,R,33.20071214700005,35.57394468900003
127,40,95,0,2,4,3,271,L,33.213123375000066,35.59544156700008
230,11,36,0,0,28,4,309,L,33.20071214700005,35.659932199000025
5,15,8,0,1,1,0,30,R,33.20071214700005,35.74591970900008
6,77,1,0,2,0,0,86,R,33.20071214700005,35.788913464000075
81,13,10,1,0,10,2,117,L,33.23794583100005,35.552447812000025
508,2317,314,7,775,290,45,4256,R,33.22553460300003,35.57394468900003
60,95,20,0,20,4,3,202,R,33.23794583100005,35.59544156700008
208,47,39,0,2,8,3,307,L,33.22553460300003,35.61693844400003
290,40,35,4,0,12,5,386,L,33.23794583100005,35.63843532200008
68,69,44,0,4,0,4,189,R,33.22553460300003,35.659932199000025
107,10,24,0,1,4,6,152,L,33.23794583100005,35.681429077000075
0,0,0,0,0,0,0,0,L,33.23794583100005,35.72442283200007
7,27,0,0,0,1,0,35,R,33.22553460300003,35.74591970900008
264,27,29,1,3,33,7,364,L,33.250357059000066,35.57394468900003
143,16,17,0,2,6,4,188,L,33.250357059000066,35.61693844400003
10,47,15,1,0,7,3,83,R,33.250357059000066,35.74591970900008
6,92,0,1,0,0,0,99,R,33.26276828700003,35.76741658700007
284,242,121,2,26,22,17,714,L,33.27517951500005,35.57394468900003
225,35,2,75,9,17,14,377,L,33.27517951500005,35.61693844400003
